#VRML V2.0 utf8
# 3D model generated by easyeda2kicad.py (https://github.com/uPesy/easyeda2kicad.py)

Shape{
    appearance Appearance {
        material  Material 	{
            diffuseColor 0.7529411764705882 0.7529411764705882 0.7529411764705882
            specularColor 0.6627450980392157 0.6627450980392157 0.6627450980392157
            ambientIntensity 0.7529
            transparency 0.0
            shininess 0.5
        }
    }
    geometry IndexedFaceSet {
        ccw TRUE
        solid FALSE
        coord DEF co Coordinate {
            point [
                -0.8465 0.0575 1.5748, -1.122 0.0575 1.5748, -0.8465 -0.0606 1.5748, -1.122 -0.0606 1.5748, -0.8465 0.0575 -0.3676, -0.8465 -0.0606 -0.3676, -0.8951 0.0575 -0.4893, -0.8951 -0.0606 -0.4893, -0.8951 0.0575 -1.2927, -0.8951 -0.0606 -1.2927, -0.949 0.0575 -1.5354, -0.949 -0.0606 -1.5354, -1.0195 0.0575 -1.5354, -1.0195 -0.0606 -1.5354, -1.0735 0.0575 -1.2927, -1.0735 -0.0606 -1.2927, -1.0735 0.0575 -0.4893, -1.0735 -0.0606 -0.4893, -1.122 0.0575 -0.3676, -1.122 -0.0606 -0.3676
            ]
        }
        coordIndex [
            0,1,2,-1,2,1,3,-1,4,0,5,-1,5,0,2,-1,6,4,7,-1,7,4,5,-1,8,6,9,-1,9,6,7,-1,10,8,11,-1,11,8,9,-1,12,10,13,-1,13,10,11,-1,14,12,15,-1,15,12,13,-1,16,14,17,-1,17,14,15,-1,18,16,19,-1,19,16,17,-1,1,18,3,-1,3,18,19,-1,10,12,8,-1,8,12,14,-1,8,14,6,-1,6,14,16,-1,6,16,4,-1,4,16,18,-1,4,18,0,-1,0,18,1,-1,13,11,15,-1,15,11,9,-1,15,9,17,-1,17,9,7,-1,17,7,19,-1,19,7,5,-1,19,5,3,-1,3,5,2,-1,
        ]
    }
}
Shape{
    appearance Appearance {
        material  Material 	{
            diffuseColor 0.25098039215686274 0.25098039215686274 0.25098039215686274
            specularColor 0.2196078431372549 0.2196078431372549 0.2196078431372549
            ambientIntensity 0.251
            transparency 0.0
            shininess 0.5
        }
    }
    geometry IndexedFaceSet {
        ccw TRUE
        solid FALSE
        coord DEF co Coordinate {
            point [
                -0.0266 -0.8677 0.2953, -0.0266 -0.8677 1.0827, 0.7608 -0.8677 0.2953, 0.7608 -0.8677 1.0827, 0.3671 -2.4622 0.2953, 0.4662 -2.5606 0.2953, 0.564 -2.4622 0.2953, 0.6631 -2.5606 0.2953, 0.7608 -2.4622 0.2953, 0.0725 -2.5606 0.2953, -0.0266 -2.4622 0.2953, 0.1703 -2.4622 0.2953, 0.2694 -2.5606 0.2953, -0.0266 -2.4622 1.0827, 0.3671 -2.4622 1.0827, 0.4662 -2.5606 1.0827, 0.564 -2.4622 1.0827, 0.1703 -2.4622 1.0827, 0.2694 -2.5606 1.0827, 0.0725 -2.5606 1.0827, 0.7608 -2.4622 1.0827, 0.6631 -2.5606 1.0827
            ]
        }
        coordIndex [
            0,1,2,-1,2,1,3,-1,4,0,2,-1,5,4,6,-1,6,4,2,-1,6,2,7,-1,7,2,8,-1,9,10,11,-1,11,10,0,-1,11,0,12,-1,12,0,4,-1,13,1,10,-1,10,1,0,-1,14,15,16,-1,17,18,14,-1,1,13,19,-1,19,17,1,-1,1,17,14,-1,1,14,3,-1,3,14,16,-1,3,16,20,-1,20,16,21,-1,8,2,20,-1,20,2,3,-1,13,10,19,-1,19,10,9,-1,19,9,17,-1,17,9,11,-1,17,11,18,-1,18,11,12,-1,18,12,14,-1,14,12,4,-1,14,4,15,-1,15,4,5,-1,15,5,16,-1,16,5,6,-1,16,6,21,-1,21,6,7,-1,21,7,20,-1,20,7,8,-1,
        ]
    }
}
Shape{
    appearance Appearance {
        material  Material 	{
            diffuseColor 0.7529411764705882 0.7529411764705882 0.7529411764705882
            specularColor 0.6627450980392157 0.6627450980392157 0.6627450980392157
            ambientIntensity 0.7529
            transparency 0.0
            shininess 0.5
        }
    }
    geometry IndexedFaceSet {
        ccw TRUE
        solid FALSE
        coord DEF co Coordinate {
            point [
                0.1378 0.0575 1.5748, -0.1378 0.0575 1.5748, 0.1378 -0.0606 1.5748, -0.1378 -0.0606 1.5748, 0.1378 0.0575 -0.3676, 0.1378 -0.0606 -0.3676, 0.0892 0.0575 -0.4893, 0.0892 -0.0606 -0.4893, 0.0892 0.0575 -1.2927, 0.0892 -0.0606 -1.2927, 0.0352 0.0575 -1.5354, 0.0352 -0.0606 -1.5354, -0.0352 0.0575 -1.5354, -0.0352 -0.0606 -1.5354, -0.0892 0.0575 -1.2927, -0.0892 -0.0606 -1.2927, -0.0892 0.0575 -0.4893, -0.0892 -0.0606 -0.4893, -0.1378 0.0575 -0.3676, -0.1378 -0.0606 -0.3676, 1.122 0.0575 1.5748, 0.8465 0.0575 1.5748, 1.122 -0.0606 1.5748, 0.8465 -0.0606 1.5748, 1.122 0.0575 -0.3676, 1.122 -0.0606 -0.3676, 1.0735 0.0575 -0.4893, 1.0735 -0.0606 -0.4893, 1.0735 0.0575 -1.2927, 1.0735 -0.0606 -1.2927, 1.0195 0.0575 -1.5354, 1.0195 -0.0606 -1.5354, 0.949 0.0575 -1.5354, 0.949 -0.0606 -1.5354, 0.8951 0.0575 -1.2927, 0.8951 -0.0606 -1.2927, 0.8951 0.0575 -0.4893, 0.8951 -0.0606 -0.4893, 0.8465 0.0575 -0.3676, 0.8465 -0.0606 -0.3676, 1.4385 -0.9071 1.0835, 1.4385 -0.9858 1.0835, 1.4961 -0.9071 1.0835, 1.4961 -0.9858 1.0835, 1.5215 -0.9037 1.0835, 1.5419 -0.9798 1.0835, 1.5453 -0.8939 1.0835, 1.5846 -0.9621 1.0835, 1.5657 -0.8783 1.0835, 1.6213 -0.9339 1.0835, 1.5813 -0.8579 1.0835, 1.6495 -0.8972 1.0835, 1.5911 -0.8341 1.0835, 1.6672 -0.8545 1.0835, 1.5945 -0.8087 1.0835, 1.6732 -0.8087 1.0835, 1.5945 -0.5833 1.0835, 1.6732 -0.5833 1.0835, 1.5945 -0.5833 0.2945, 1.6732 -0.5833 0.2945, 1.5945 -0.8087 0.2945, 1.6732 -0.8087 0.2945, 1.5911 -0.8341 0.2945, 1.6672 -0.8545 0.2945, 1.5813 -0.8579 0.2945, 1.6495 -0.8972 0.2945, 1.5657 -0.8783 0.2945, 1.6213 -0.9339 0.2945, 1.5453 -0.8939 0.2945, 1.5846 -0.9621 0.2945, 1.5215 -0.9037 0.2945, 1.5419 -0.9798 0.2945, 1.4961 -0.9071 0.2945, 1.4961 -0.9858 0.2945, 1.4385 -0.9071 0.2945, 1.4385 -0.9858 0.2945, 1.0965 -0.9071 1.2269, 1.0965 -0.9858 1.2269, 1.1153 -0.9071 1.2033, 1.1153 -0.9858 1.2033, 1.1395 -0.9071 1.1853, 1.1395 -0.9858 1.1853, 1.1675 -0.9071 1.174, 1.1675 -0.9858 1.174, 1.1974 -0.9071 1.1701, 1.1974 -0.9858 1.1701, 1.3519 -0.9071 1.1701, 1.3519 -0.9858 1.1701, 1.3712 -0.9858 1.1679, 1.3712 -0.9071 1.1679, 1.3895 -0.9858 1.1615, 1.3895 -0.9071 1.1615, 1.4059 -0.9858 1.1512, 1.4059 -0.9071 1.1512, 1.4196 -0.9858 1.1375, 1.4196 -0.9071 1.1375, 1.4299 -0.9858 1.1211, 1.4299 -0.9071 1.1211, 1.4363 -0.9858 1.1028, 1.4363 -0.9071 1.1028, 1.4363 -0.9858 0.2752, 1.4363 -0.9071 0.2752, 1.4299 -0.9858 0.2569, 1.4299 -0.9071 0.2569, 1.4196 -0.9858 0.2405, 1.4196 -0.9071 0.2405, 1.4059 -0.9858 0.2267, 1.4059 -0.9071 0.2267, 1.3895 -0.9858 0.2164, 1.3895 -0.9071 0.2164, 1.3712 -0.9858 0.21, 1.3712 -0.9071 0.21, 1.3519 -0.9858 0.2078, 1.3519 -0.9071 0.2078, 1.1974 -0.9071 0.2078, 1.1974 -0.9858 0.2078, 1.1675 -0.9071 0.204, 1.1675 -0.9858 0.204, 1.1395 -0.9071 0.1927, 1.1395 -0.9858 0.1927, 1.1153 -0.9071 0.1746, 1.1153 -0.9858 0.1746, 1.0965 -0.9071 0.1511, 1.0965 -0.9858 0.1511, 1.0199 -0.9071 0.0251, 1.0199 -0.9858 0.0251, 1.0105 -0.9858 0.0146, 1.0105 -0.9071 0.0146, 0.9989 -0.9858 0.0066, 0.9989 -0.9071 0.0066, 0.9857 -0.9858 0.0017, 0.9857 -0.9071 0.0017, 0.9717 -0.9858 0.0, 0.9717 -0.9071 0.0, -0.9717 -0.9071 0.0, -0.9717 -0.9858 0.0, -0.9857 -0.9858 0.0017, -0.9857 -0.9071 0.0017, -0.9989 -0.9858 0.0066, -0.9989 -0.9071 0.0066, -1.0105 -0.9858 0.0146, -1.0105 -0.9071 0.0146, -1.0199 -0.9858 0.0251, -1.0199 -0.9071 0.0251, -1.0965 -0.9071 0.1511, -1.0965 -0.9858 0.1511, -1.1153 -0.9071 0.1746, -1.1153 -0.9858 0.1746, -1.1395 -0.9071 0.1927, -1.1395 -0.9858 0.1927, -1.1675 -0.9071 0.204, -1.1675 -0.9858 0.204, -1.1974 -0.9071 0.2078, -1.1974 -0.9858 0.2078, -1.3519 -0.9071 0.2078, -1.3519 -0.9858 0.2078, -1.3712 -0.9858 0.21, -1.3712 -0.9071 0.21, -1.3895 -0.9858 0.2164, -1.3895 -0.9071 0.2164, -1.4059 -0.9858 0.2267, -1.4059 -0.9071 0.2267, -1.4196 -0.9858 0.2405, -1.4196 -0.9071 0.2405, -1.4299 -0.9858 0.2569, -1.4299 -0.9071 0.2569, -1.4363 -0.9858 0.2752, -1.4363 -0.9071 0.2752, -1.4385 -0.9858 0.2945, -1.4385 -0.9071 0.2945, -1.4385 -0.9071 1.0835, -1.4385 -0.9858 1.0835, -1.4363 -0.9858 1.1028, -1.4363 -0.9071 1.1028, -1.4299 -0.9858 1.1211, -1.4299 -0.9071 1.1211, -1.4196 -0.9858 1.1375, -1.4196 -0.9071 1.1375, -1.4059 -0.9858 1.1512, -1.4059 -0.9071 1.1512, -1.3895 -0.9858 1.1615, -1.3895 -0.9071 1.1615, -1.3712 -0.9858 1.1679, -1.3712 -0.9071 1.1679, -1.3519 -0.9858 1.1701, -1.3519 -0.9071 1.1701, -1.1974 -0.9071 1.1701, -1.1974 -0.9858 1.1701, -1.1675 -0.9071 1.174, -1.1675 -0.9858 1.174, -1.1395 -0.9071 1.1853, -1.1395 -0.9858 1.1853, -1.1153 -0.9071 1.2033, -1.1153 -0.9858 1.2033, -1.0965 -0.9071 1.2269, -1.0965 -0.9858 1.2269, -1.0199 -0.9071 1.3529, -1.0199 -0.9858 1.3529, -1.0105 -0.9858 1.3634, -1.0105 -0.9071 1.3634, -0.9989 -0.9858 1.3713, -0.9989 -0.9071 1.3713, -0.9857 -0.9858 1.3763, -0.9857 -0.9071 1.3763, -0.9717 -0.9858 1.378, -0.9717 -0.9071 1.378, 0.9717 -0.9071 1.378, 0.9717 -0.9858 1.378, 0.9857 -0.9858 1.3763, 0.9857 -0.9071 1.3763, 0.9989 -0.9858 1.3713, 0.9989 -0.9071 1.3713, 1.0105 -0.9858 1.3634, 1.0105 -0.9071 1.3634, 1.0199 -0.9858 1.3529, 1.0199 -0.9071 1.3529, -1.4961 -0.9071 0.2945, -1.4961 -0.9071 1.0835, -0.7874 -0.9071 1.1024, 0.7874 -0.9071 1.1024, -0.7874 -0.9071 0.2756, 0.7874 -0.9071 0.2756, 0.7874 -0.9858 0.2756, 0.7874 -0.9858 1.1024, -0.7874 -0.9858 0.2756, -0.7874 -0.9858 1.1024, -1.4961 -0.9858 1.0835, -1.4961 -0.9858 0.2945, -1.5945 -0.3112 1.378, -1.5945 -0.5045 1.378, -1.5945 -0.3112 0.9916, -1.5945 -0.5045 1.1622, -1.5945 -0.3276 0.4345, -1.5945 -0.3396 0.4469, -1.5945 -0.5276 0.2714, -1.5945 -0.5045 0.0, -1.5945 -0.3112 0.0, -1.5945 -0.5045 0.2157, -1.5945 -0.3112 0.3864, -1.5945 -0.5072 0.2361, -1.5945 -0.3701 0.9154, -1.5945 -0.354 0.9215, -1.5945 -0.5276 1.1066, -1.5945 -0.3396 0.931, -1.5945 -0.3276 0.9434, -1.5945 -0.5072 1.1419, -1.5945 -0.5151 1.1229, -1.5945 -0.3131 0.9745, -1.5945 -0.3187 0.9581, -1.5945 -0.5629 0.2918, -1.5945 -0.5439 1.0941, -1.5945 -0.5151 0.2551, -1.5945 -0.3131 0.4035, -1.5945 -0.3187 0.4198, -1.5945 -0.5833 1.0835, -1.5945 -0.8087 1.0835, -1.5945 -0.8087 0.2945, -1.5945 -0.5629 1.0862, -1.5945 -0.5833 0.2945, -1.5945 -0.5045 0.8207, -1.5945 -0.4678 0.8628, -1.5945 -0.4221 0.895, -1.5945 -0.5045 0.5572, -1.5945 -0.5302 0.6068, -1.5945 -0.354 0.4564, -1.5945 -0.3701 0.4626, -1.5945 -0.5439 0.2839, -1.5945 -0.4221 0.483, -1.5945 -0.4678 0.5151, -1.5945 -0.5435 0.6611, -1.5945 -0.5435 0.7169, -1.5945 -0.5302 0.7712, -1.6732 -0.3112 0.0, -1.6732 -0.5045 0.0, -1.6732 -0.3112 0.3864, -1.6732 -0.5045 0.2157, -1.6732 -0.5833 0.2945, -1.6732 -0.8087 0.2945, -1.6732 -0.8087 1.0835, -1.6732 -0.3112 0.9916, -1.6732 -0.3131 0.9745, -1.6732 -0.5151 1.1229, -1.6732 -0.3187 0.9581, -1.6732 -0.5045 1.378, -1.6732 -0.3112 1.378, -1.6732 -0.5045 1.1622, -1.6732 -0.5072 1.1419, -1.6732 -0.3276 0.4345, -1.6732 -0.5276 0.2714, -1.6732 -0.3396 0.4469, -1.6732 -0.354 0.4564, -1.6732 -0.5072 0.2361, -1.6732 -0.5151 0.2551, -1.6732 -0.3131 0.4035, -1.6732 -0.3187 0.4198, -1.6732 -0.3276 0.9434, -1.6732 -0.3396 0.931, -1.6732 -0.5276 1.1066, -1.6732 -0.5302 0.6068, -1.6732 -0.5629 0.2918, -1.6732 -0.5435 0.6611, -1.6732 -0.5435 0.7169, -1.6732 -0.354 0.9215, -1.6732 -0.3701 0.9154, -1.6732 -0.5439 1.0941, -1.6732 -0.4221 0.895, -1.6732 -0.5629 1.0862, -1.6732 -0.5045 0.5572, -1.6732 -0.4678 0.5151, -1.6732 -0.5439 0.2839, -1.6732 -0.4221 0.483, -1.6732 -0.3701 0.4626, -1.6732 -0.5302 0.7712, -1.6732 -0.5833 1.0835, -1.6732 -0.5045 0.8207, -1.6732 -0.4678 0.8628, -1.6672 -0.8545 0.2945, -1.6672 -0.8545 1.0835, -1.6495 -0.8972 0.2945, -1.6495 -0.8972 1.0835, -1.6213 -0.9339 0.2945, -1.6213 -0.9339 1.0835, -1.5846 -0.9621 0.2945, -1.5846 -0.9621 1.0835, -1.5419 -0.9798 0.2945, -1.5419 -0.9798 1.0835, -1.5215 -0.9037 1.0835, -1.5215 -0.9037 0.2945, -1.5453 -0.8939 1.0835, -1.5453 -0.8939 0.2945, -1.5657 -0.8783 1.0835, -1.5657 -0.8783 0.2945, -1.5813 -0.8579 1.0835, -1.5813 -0.8579 0.2945, -1.5911 -0.8341 1.0835, -1.5911 -0.8341 0.2945, 1.6732 -0.3187 0.4198, 1.6732 -0.3276 0.4345, 1.6732 -0.5276 0.2714, 1.6732 -0.3396 0.4469, 1.6732 -0.5045 0.0, 1.6732 -0.3112 0.0, 1.6732 -0.5045 0.2157, 1.6732 -0.3112 0.3864, 1.6732 -0.5072 0.2361, 1.6732 -0.5151 0.2551, 1.6732 -0.3112 1.378, 1.6732 -0.5045 1.378, 1.6732 -0.3112 0.9916, 1.6732 -0.5045 1.1622, 1.6732 -0.3131 0.4035, 1.6732 -0.5629 0.2918, 1.6732 -0.5276 1.1066, 1.6732 -0.5439 1.0941, 1.6732 -0.3701 0.9154, 1.6732 -0.354 0.9215, 1.6732 -0.3396 0.931, 1.6732 -0.3276 0.9434, 1.6732 -0.5072 1.1419, 1.6732 -0.5151 1.1229, 1.6732 -0.3131 0.9745, 1.6732 -0.3187 0.9581, 1.6732 -0.5045 0.5572, 1.6732 -0.5302 0.6068, 1.6732 -0.5629 1.0862, 1.6732 -0.5045 0.8207, 1.6732 -0.4678 0.8628, 1.6732 -0.4221 0.895, 1.6732 -0.354 0.4564, 1.6732 -0.3701 0.4626, 1.6732 -0.5439 0.2839, 1.6732 -0.4221 0.483, 1.6732 -0.4678 0.5151, 1.6732 -0.5435 0.6611, 1.6732 -0.5435 0.7169, 1.6732 -0.5302 0.7712, 1.5945 -0.3112 0.0, 1.5945 -0.5045 0.0, 1.5945 -0.3112 0.3864, 1.5945 -0.5045 0.2157, 1.5945 -0.3276 0.4345, 1.5945 -0.5276 0.2714, 1.5945 -0.3396 0.4469, 1.5945 -0.354 0.4564, 1.5945 -0.5072 0.2361, 1.5945 -0.5151 0.2551, 1.5945 -0.3131 0.4035, 1.5945 -0.3187 0.4198, 1.5945 -0.3187 0.9581, 1.5945 -0.3276 0.9434, 1.5945 -0.5276 1.1066, 1.5945 -0.5045 1.378, 1.5945 -0.3112 1.378, 1.5945 -0.5045 1.1622, 1.5945 -0.3112 0.9916, 1.5945 -0.5302 0.6068, 1.5945 -0.5629 0.2918, 1.5945 -0.5435 0.6611, 1.5945 -0.5435 0.7169, 1.5945 -0.3701 0.9154, 1.5945 -0.5439 1.0941, 1.5945 -0.4221 0.895, 1.5945 -0.5629 1.0862, 1.5945 -0.3396 0.931, 1.5945 -0.354 0.9215, 1.5945 -0.5045 0.5572, 1.5945 -0.4678 0.5151, 1.5945 -0.5439 0.2839, 1.5945 -0.4221 0.483, 1.5945 -0.3701 0.4626, 1.5945 -0.3131 0.9745, 1.5945 -0.5151 1.1229, 1.5945 -0.5072 1.1419, 1.5945 -0.5302 0.7712, 1.5945 -0.5045 0.8207, 1.5945 -0.4678 0.8628
            ]
        }
        coordIndex [
            0,1,2,-1,2,1,3,-1,4,0,5,-1,5,0,2,-1,6,4,7,-1,7,4,5,-1,8,6,9,-1,9,6,7,-1,10,8,11,-1,11,8,9,-1,12,10,13,-1,13,10,11,-1,14,12,15,-1,15,12,13,-1,16,14,17,-1,17,14,15,-1,18,16,19,-1,19,16,17,-1,1,18,3,-1,3,18,19,-1,10,12,8,-1,8,12,14,-1,8,14,6,-1,6,14,16,-1,6,16,4,-1,4,16,18,-1,4,18,0,-1,0,18,1,-1,13,11,15,-1,15,11,9,-1,15,9,17,-1,17,9,7,-1,17,7,19,-1,19,7,5,-1,19,5,3,-1,3,5,2,-1,20,21,22,-1,22,21,23,-1,24,20,25,-1,25,20,22,-1,26,24,27,-1,27,24,25,-1,28,26,29,-1,29,26,27,-1,30,28,31,-1,31,28,29,-1,32,30,33,-1,33,30,31,-1,34,32,35,-1,35,32,33,-1,36,34,37,-1,37,34,35,-1,38,36,39,-1,39,36,37,-1,21,38,23,-1,23,38,39,-1,21,20,38,-1,38,20,24,-1,38,24,36,-1,36,24,26,-1,36,26,34,-1,34,26,28,-1,34,28,32,-1,32,28,30,-1,22,23,25,-1,25,23,39,-1,25,39,27,-1,27,39,37,-1,27,37,29,-1,29,37,35,-1,29,35,31,-1,31,35,33,-1,40,41,42,-1,42,41,43,-1,42,43,44,-1,44,43,45,-1,44,45,46,-1,46,45,47,-1,46,47,48,-1,48,47,49,-1,48,49,50,-1,50,49,51,-1,50,51,52,-1,52,51,53,-1,52,53,54,-1,54,53,55,-1,54,55,56,-1,56,55,57,-1,58,59,60,-1,60,59,61,-1,60,61,62,-1,62,61,63,-1,62,63,64,-1,64,63,65,-1,64,65,66,-1,66,65,67,-1,66,67,68,-1,68,67,69,-1,68,69,70,-1,70,69,71,-1,70,71,72,-1,72,71,73,-1,72,73,74,-1,74,73,75,-1,76,77,78,-1,78,77,79,-1,78,79,80,-1,80,79,81,-1,80,81,82,-1,82,81,83,-1,82,83,84,-1,84,83,85,-1,86,84,87,-1,87,84,85,-1,86,87,88,-1,86,88,89,-1,89,88,90,-1,89,90,91,-1,91,90,92,-1,91,92,93,-1,93,92,94,-1,93,94,95,-1,95,94,96,-1,95,96,97,-1,97,96,98,-1,97,98,99,-1,99,98,41,-1,99,41,40,-1,74,75,100,-1,74,100,101,-1,101,100,102,-1,101,102,103,-1,103,102,104,-1,103,104,105,-1,105,104,106,-1,105,106,107,-1,107,106,108,-1,107,108,109,-1,109,108,110,-1,109,110,111,-1,111,110,112,-1,111,112,113,-1,114,113,115,-1,115,113,112,-1,114,115,116,-1,116,115,117,-1,116,117,118,-1,118,117,119,-1,118,119,120,-1,120,119,121,-1,120,121,122,-1,122,121,123,-1,124,122,125,-1,125,122,123,-1,124,125,126,-1,124,126,127,-1,127,126,128,-1,127,128,129,-1,129,128,130,-1,129,130,131,-1,131,130,132,-1,131,132,133,-1,134,133,135,-1,135,133,132,-1,134,135,136,-1,134,136,137,-1,137,136,138,-1,137,138,139,-1,139,138,140,-1,139,140,141,-1,141,140,142,-1,141,142,143,-1,144,143,145,-1,145,143,142,-1,144,145,146,-1,146,145,147,-1,146,147,148,-1,148,147,149,-1,148,149,150,-1,150,149,151,-1,150,151,152,-1,152,151,153,-1,154,152,155,-1,155,152,153,-1,154,155,156,-1,154,156,157,-1,157,156,158,-1,157,158,159,-1,159,158,160,-1,159,160,161,-1,161,160,162,-1,161,162,163,-1,163,162,164,-1,163,164,165,-1,165,164,166,-1,165,166,167,-1,167,166,168,-1,167,168,169,-1,170,171,172,-1,170,172,173,-1,173,172,174,-1,173,174,175,-1,175,174,176,-1,175,176,177,-1,177,176,178,-1,177,178,179,-1,179,178,180,-1,179,180,181,-1,181,180,182,-1,181,182,183,-1,183,182,184,-1,183,184,185,-1,186,185,187,-1,187,185,184,-1,186,187,188,-1,188,187,189,-1,188,189,190,-1,190,189,191,-1,190,191,192,-1,192,191,193,-1,192,193,194,-1,194,193,195,-1,196,194,197,-1,197,194,195,-1,196,197,198,-1,196,198,199,-1,199,198,200,-1,199,200,201,-1,201,200,202,-1,201,202,203,-1,203,202,204,-1,203,204,205,-1,206,205,207,-1,207,205,204,-1,206,207,208,-1,206,208,209,-1,209,208,210,-1,209,210,211,-1,211,210,212,-1,211,212,213,-1,213,212,214,-1,213,214,215,-1,76,215,77,-1,77,215,214,-1,169,216,217,-1,218,196,199,-1,206,219,205,-1,205,219,218,-1,206,209,219,-1,219,209,211,-1,219,211,213,-1,186,188,220,-1,137,139,220,-1,220,139,141,-1,220,141,143,-1,199,201,218,-1,218,201,203,-1,218,203,205,-1,143,144,220,-1,220,144,146,-1,220,146,148,-1,188,190,220,-1,220,190,192,-1,220,192,218,-1,218,192,194,-1,218,194,196,-1,221,127,129,-1,78,221,76,-1,76,221,219,-1,76,219,215,-1,215,219,213,-1,78,80,221,-1,221,80,82,-1,221,82,84,-1,116,118,221,-1,221,118,120,-1,148,150,170,-1,170,150,152,-1,170,152,154,-1,129,131,221,-1,221,131,133,-1,221,133,220,-1,220,133,134,-1,220,134,137,-1,113,114,40,-1,120,122,221,-1,221,122,124,-1,221,124,127,-1,148,170,220,-1,220,170,173,-1,220,173,175,-1,181,183,220,-1,220,183,185,-1,220,185,186,-1,84,86,221,-1,221,86,89,-1,221,89,91,-1,91,93,221,-1,221,93,95,-1,221,95,97,-1,42,72,40,-1,40,72,74,-1,40,74,113,-1,113,74,101,-1,163,165,161,-1,161,165,167,-1,161,167,159,-1,175,177,220,-1,220,177,179,-1,220,179,181,-1,114,116,40,-1,40,116,221,-1,40,221,99,-1,99,221,97,-1,217,170,169,-1,169,170,154,-1,169,154,167,-1,167,154,157,-1,167,157,159,-1,105,107,109,-1,101,103,113,-1,113,103,105,-1,113,105,111,-1,111,105,109,-1,75,73,43,-1,85,83,222,-1,125,123,222,-1,222,123,121,-1,222,121,119,-1,83,81,222,-1,222,81,79,-1,222,79,223,-1,223,79,77,-1,145,142,224,-1,224,142,140,-1,224,140,138,-1,138,136,224,-1,224,136,135,-1,224,135,222,-1,222,135,132,-1,222,132,130,-1,77,214,223,-1,223,214,212,-1,223,212,210,-1,210,208,223,-1,223,208,207,-1,223,207,225,-1,225,207,204,-1,225,204,202,-1,130,128,222,-1,222,128,126,-1,222,126,125,-1,193,191,224,-1,224,191,189,-1,224,189,187,-1,119,117,41,-1,41,117,115,-1,41,115,112,-1,193,224,195,-1,195,224,225,-1,195,225,197,-1,155,153,171,-1,202,200,225,-1,225,200,198,-1,225,198,197,-1,119,41,222,-1,222,41,98,-1,222,98,96,-1,96,94,222,-1,222,94,92,-1,222,92,90,-1,151,149,224,-1,224,149,147,-1,224,147,145,-1,43,41,75,-1,75,41,112,-1,75,112,100,-1,100,112,102,-1,90,88,222,-1,222,88,87,-1,222,87,85,-1,187,184,224,-1,224,184,182,-1,224,182,180,-1,180,178,224,-1,224,178,176,-1,224,176,174,-1,153,151,171,-1,171,151,224,-1,171,224,172,-1,172,224,174,-1,108,106,104,-1,102,112,104,-1,104,112,110,-1,104,110,108,-1,226,227,171,-1,171,227,168,-1,171,168,155,-1,155,168,166,-1,155,166,164,-1,164,162,155,-1,155,162,160,-1,155,160,156,-1,156,160,158,-1,219,221,223,-1,223,221,222,-1,221,220,222,-1,222,220,224,-1,220,218,224,-1,224,218,225,-1,218,219,225,-1,225,219,223,-1,228,229,230,-1,230,229,231,-1,232,233,234,-1,235,236,237,-1,237,236,238,-1,237,238,239,-1,240,241,242,-1,242,241,243,-1,242,243,244,-1,231,245,230,-1,230,245,246,-1,230,246,247,-1,247,246,242,-1,247,242,248,-1,248,242,244,-1,249,242,250,-1,239,238,251,-1,251,238,252,-1,251,252,234,-1,234,252,253,-1,234,253,232,-1,254,255,256,-1,250,257,249,-1,249,257,254,-1,249,254,258,-1,258,254,256,-1,259,260,242,-1,242,260,261,-1,242,261,240,-1,249,262,263,-1,233,264,234,-1,234,264,265,-1,234,265,266,-1,266,265,267,-1,266,267,249,-1,249,267,268,-1,249,268,262,-1,263,269,249,-1,249,269,270,-1,249,270,242,-1,242,270,271,-1,242,271,259,-1,272,273,274,-1,274,273,275,-1,276,277,278,-1,279,280,281,-1,281,280,282,-1,283,284,285,-1,285,284,279,-1,285,279,286,-1,286,279,281,-1,287,288,289,-1,289,288,290,-1,275,291,274,-1,274,291,292,-1,274,292,293,-1,293,292,288,-1,293,288,294,-1,294,288,287,-1,282,295,281,-1,281,295,296,-1,281,296,297,-1,298,299,300,-1,300,299,301,-1,296,302,297,-1,297,302,303,-1,297,303,304,-1,304,303,305,-1,304,305,306,-1,298,307,299,-1,299,307,308,-1,299,308,309,-1,309,308,310,-1,309,310,288,-1,288,310,311,-1,288,311,290,-1,299,276,301,-1,301,276,278,-1,301,278,312,-1,312,278,313,-1,312,313,314,-1,314,313,306,-1,314,306,315,-1,315,306,305,-1,278,277,316,-1,278,316,317,-1,317,316,318,-1,317,318,319,-1,319,318,320,-1,319,320,321,-1,321,320,322,-1,321,322,323,-1,323,322,324,-1,323,324,325,-1,325,324,227,-1,325,227,226,-1,217,216,326,-1,326,216,327,-1,326,327,328,-1,328,327,329,-1,328,329,330,-1,330,329,331,-1,330,331,332,-1,332,331,333,-1,332,333,334,-1,334,333,335,-1,334,335,255,-1,255,335,256,-1,254,313,255,-1,255,313,278,-1,255,278,334,-1,334,278,317,-1,334,317,332,-1,332,317,319,-1,332,319,330,-1,330,319,321,-1,330,321,328,-1,328,321,323,-1,328,323,326,-1,326,323,325,-1,326,325,217,-1,217,325,226,-1,217,226,170,-1,170,226,171,-1,169,168,216,-1,216,168,227,-1,216,227,327,-1,327,227,324,-1,327,324,329,-1,329,324,322,-1,329,322,331,-1,331,322,320,-1,331,320,333,-1,333,320,318,-1,333,318,335,-1,335,318,316,-1,335,316,256,-1,256,316,277,-1,256,277,258,-1,258,277,276,-1,336,337,338,-1,338,337,339,-1,340,341,342,-1,342,341,343,-1,342,343,344,-1,344,343,345,-1,346,347,348,-1,348,347,349,-1,345,343,338,-1,338,343,350,-1,338,350,336,-1,351,352,353,-1,354,355,352,-1,352,355,356,-1,352,356,357,-1,349,358,348,-1,348,358,359,-1,348,359,360,-1,360,359,352,-1,360,352,361,-1,361,352,357,-1,57,55,61,-1,362,363,351,-1,353,364,351,-1,351,364,57,-1,351,57,59,-1,59,57,61,-1,365,366,352,-1,352,366,367,-1,352,367,354,-1,339,368,338,-1,338,368,369,-1,338,369,370,-1,370,369,371,-1,370,371,351,-1,351,371,372,-1,351,372,362,-1,363,373,351,-1,351,373,374,-1,351,374,352,-1,352,374,375,-1,352,375,365,-1,376,377,378,-1,378,377,379,-1,380,381,382,-1,382,381,383,-1,379,384,378,-1,378,384,385,-1,378,385,386,-1,386,385,381,-1,386,381,387,-1,387,381,380,-1,58,60,54,-1,388,389,390,-1,391,392,393,-1,393,392,394,-1,395,396,397,-1,397,396,398,-1,390,399,400,-1,400,399,401,-1,400,401,402,-1,389,403,390,-1,390,403,404,-1,390,404,399,-1,395,405,396,-1,396,405,406,-1,396,406,407,-1,407,406,408,-1,407,408,381,-1,381,408,409,-1,381,409,383,-1,388,390,410,-1,410,390,411,-1,410,411,394,-1,394,411,412,-1,394,412,393,-1,396,58,398,-1,398,58,54,-1,398,54,413,-1,413,54,56,-1,413,56,414,-1,414,56,402,-1,414,402,415,-1,415,402,401,-1,54,60,52,-1,52,60,62,-1,52,62,50,-1,50,62,64,-1,50,64,48,-1,48,64,66,-1,48,66,46,-1,46,66,68,-1,46,68,44,-1,44,68,70,-1,44,70,42,-1,42,70,72,-1,43,73,71,-1,43,71,45,-1,45,71,69,-1,45,69,47,-1,47,69,67,-1,47,67,49,-1,49,67,65,-1,49,65,51,-1,51,65,63,-1,51,63,53,-1,53,63,61,-1,53,61,55,-1,348,394,346,-1,346,394,392,-1,343,341,378,-1,378,341,376,-1,343,378,386,-1,343,386,350,-1,350,386,387,-1,350,387,336,-1,336,387,380,-1,336,380,337,-1,337,380,382,-1,337,382,339,-1,339,382,383,-1,339,383,368,-1,368,383,409,-1,368,409,369,-1,369,409,371,-1,371,409,408,-1,371,408,372,-1,372,408,406,-1,372,406,362,-1,362,406,405,-1,362,405,363,-1,363,405,395,-1,363,395,373,-1,373,395,397,-1,373,397,374,-1,374,397,398,-1,374,398,375,-1,375,398,413,-1,375,413,365,-1,365,413,414,-1,365,414,366,-1,366,414,415,-1,366,415,367,-1,367,415,401,-1,367,401,354,-1,354,401,399,-1,354,399,404,-1,354,404,355,-1,355,404,403,-1,355,403,356,-1,356,403,389,-1,356,389,357,-1,357,389,388,-1,357,388,361,-1,361,388,410,-1,361,410,360,-1,360,410,394,-1,360,394,348,-1,240,303,302,-1,240,302,241,-1,241,302,296,-1,241,296,243,-1,243,296,295,-1,243,295,244,-1,244,295,282,-1,244,282,248,-1,248,282,280,-1,248,280,247,-1,247,280,279,-1,247,279,230,-1,265,311,267,-1,267,311,310,-1,267,310,268,-1,268,310,308,-1,268,308,262,-1,262,308,307,-1,262,307,263,-1,263,307,298,-1,263,298,269,-1,269,298,300,-1,269,300,270,-1,270,300,301,-1,270,301,271,-1,271,301,312,-1,271,312,259,-1,259,312,314,-1,259,314,260,-1,260,314,315,-1,260,315,261,-1,261,315,305,-1,261,305,240,-1,240,305,303,-1,238,274,293,-1,238,293,252,-1,252,293,294,-1,252,294,253,-1,253,294,287,-1,253,287,232,-1,232,287,289,-1,232,289,233,-1,233,289,290,-1,233,290,264,-1,264,290,311,-1,264,311,265,-1,228,230,284,-1,284,230,279,-1,272,274,236,-1,236,274,238,-1,275,273,237,-1,237,273,235,-1,236,235,272,-1,272,235,273,-1,229,228,283,-1,283,228,284,-1,231,229,285,-1,285,229,283,-1,379,377,342,-1,342,377,340,-1,377,376,340,-1,340,376,341,-1,349,347,393,-1,393,347,391,-1,392,391,346,-1,346,391,347,-1,349,393,358,-1,358,393,412,-1,358,412,359,-1,359,412,411,-1,359,411,352,-1,352,411,390,-1,352,390,353,-1,353,390,400,-1,353,400,364,-1,364,400,402,-1,364,402,57,-1,57,402,56,-1,59,58,351,-1,351,58,396,-1,351,396,370,-1,370,396,407,-1,370,407,338,-1,338,407,381,-1,338,381,345,-1,345,381,385,-1,345,385,344,-1,344,385,384,-1,344,384,342,-1,342,384,379,-1,258,276,249,-1,249,276,299,-1,249,299,266,-1,266,299,309,-1,266,309,234,-1,234,309,288,-1,234,288,251,-1,251,288,292,-1,251,292,239,-1,239,292,291,-1,239,291,237,-1,237,291,275,-1,231,285,245,-1,245,285,286,-1,245,286,246,-1,246,286,281,-1,246,281,242,-1,242,281,297,-1,242,297,250,-1,250,297,304,-1,250,304,257,-1,257,304,306,-1,257,306,254,-1,254,306,313,-1,
        ]
    }
}
Shape{
    appearance Appearance {
        material  Material 	{
            diffuseColor 0.25098039215686274 0.25098039215686274 0.25098039215686274
            specularColor 0.2196078431372549 0.2196078431372549 0.2196078431372549
            ambientIntensity 0.251
            transparency 0.0
            shininess 0.5
        }
    }
    geometry IndexedFaceSet {
        ccw TRUE
        solid FALSE
        coord DEF co Coordinate {
            point [
                -1.6732 -0.662 0.2866, -1.6732 -0.5833 0.2866, -1.6732 -0.662 0.0, -1.6732 -0.5661 0.2845, -1.6732 -0.55 0.2783, -1.6732 -0.5167 0.24, -1.6732 -0.5167 0.0, -1.6732 -0.5245 0.2554, -1.6732 -0.5358 0.2684, -1.6732 -0.5167 1.138, -1.6732 -0.5167 1.378, -1.6693 -0.5167 1.138, -1.5959 -0.5167 1.378, -1.6693 -0.5167 0.24, -1.5959 -0.5167 0.0, 1.5959 -0.0863 0.7865, 1.5959 -0.0863 0.7353, 1.5959 -0.0633 0.7353, 1.5959 0.082 0.7663, 1.5959 0.083 0.7584, 1.5959 0.0846 0.787, 1.5959 0.2423 0.7113, 1.5959 0.2423 0.787, 1.5959 0.157 0.787, 1.5959 0.274 0.0, 1.5959 0.274 0.6137, 1.5959 0.2423 0.6137, 1.5959 0.0291 0.6255, 1.5959 0.0305 0.627, 1.5959 0.0305 0.6365, 1.5959 -0.0396 0.7865, 1.5959 -0.0353 0.787, 1.5959 -0.0583 0.787, 1.5959 0.0041 0.6366, 1.5959 0.0033 0.6365, 1.5959 0.017 0.6365, 1.5959 -0.0081 0.6368, 1.5959 -0.0094 0.6373, 1.5959 -0.0094 0.6365, 1.5959 -0.5124 1.1622, 1.5959 -0.513 1.09, 1.5959 -0.1174 1.09, 1.5959 -0.5124 0.2157, 1.5959 -0.5148 0.2341, 1.5959 -0.5167 0.24, 1.5959 -0.1174 0.0, 1.5959 -0.3041 0.6109, 1.5959 -0.3141 0.6097, 1.5959 -0.5167 0.0, 1.5959 -0.3156 0.6097, 1.5959 -0.3253 0.6113, 1.5959 -0.516 0.6137, 1.5959 -0.331 0.6137, 1.5959 -0.3348 0.6152, 1.5959 -0.3731 0.6464, 1.5959 -0.386 0.6574, 1.5959 -0.5162 0.6365, 1.5959 -0.3583 0.6392, 1.5959 -0.3428 0.6213, 1.5959 -0.349 0.6288, 1.5959 -0.3526 0.6365, 1.5959 -0.3531 0.6377, 1.5959 -0.3953 0.6708, 1.5959 -0.4012 0.6861, 1.5959 -0.5167 0.689, 1.5959 -0.4032 0.7022, 1.5959 -0.5165 0.7113, 1.5959 -0.4031 0.7061, 1.5959 -0.4022 0.7113, 1.5959 -0.5158 0.787, 1.5959 -0.3528 0.7667, 1.5959 -0.3367 0.7687, 1.5959 -0.3091 0.786, 1.5959 -0.4003 0.7216, 1.5959 -0.3938 0.7363, 1.5959 -0.3839 0.749, 1.5959 -0.3188 0.7777, 1.5959 -0.3319 0.7685, 1.5959 -0.3272 0.7679, 1.5959 -0.3811 0.7516, 1.5959 -0.3681 0.7608, 1.5959 -0.2413 0.7999, 1.5959 -0.2208 0.7922, 1.5959 -0.3075 0.787, 1.5959 -0.2982 0.7927, 1.5959 -0.2792 0.7997, 1.5959 -0.2598 0.802, 1.5959 -0.5167 1.138, 1.5959 -0.5148 1.1439, 1.5959 -0.2132 0.787, 1.5959 -0.1174 0.787, 1.5959 -0.2039 0.7806, 1.5959 -0.1902 0.7647, 1.5959 -0.1443 0.7113, 1.5959 -0.1174 0.7113, 1.5959 -0.148 0.7203, 1.5959 -0.1564 0.732, 1.5959 -0.1675 0.7414, 1.5959 -0.1817 0.7482, 1.5959 -0.1797 0.7475, 1.5959 -0.2756 0.6365, 1.5959 -0.2756 0.6364, 1.5959 -0.1174 0.6137, 1.5959 -0.2805 0.6272, 1.5959 -0.2868 0.6202, 1.5959 -0.2949 0.6145, 1.5959 -0.297 0.6137, 1.5959 -0.2231 0.6608, 1.5959 -0.2203 0.6619, 1.5959 -0.2154 0.6853, 1.5959 -0.2832 0.6783, 1.5959 -0.2282 0.7071, 1.5959 -0.2904 0.6849, 1.5959 -0.2991 0.6895, 1.5959 -0.2256 0.659, 1.5959 -0.1481 0.6667, 1.5959 -0.1563 0.6553, 1.5959 -0.1174 0.6365, 1.5959 -0.1667 0.6976, 1.5959 -0.1687 0.7055, 1.5959 -0.1718 0.7113, 1.5959 -0.3763 0.7113, 1.5959 -0.1429 0.7078, 1.5959 -0.1411 0.6944, 1.5959 -0.1429 0.6797, 1.5959 -0.2171 0.6623, 1.5959 -0.2167 0.6623, 1.5959 -0.2154 0.662, 1.5959 -0.3739 0.6866, 1.5959 -0.369 0.6783, 1.5959 -0.3481 0.674, 1.5959 -0.3616 0.6707, 1.5959 -0.3527 0.6652, 1.5959 -0.3329 0.6876, 1.5959 -0.3413 0.6818, 1.5959 -0.3773 0.703, 1.5959 -0.3768 0.6966, 1.5959 -0.3239 0.6911, 1.5959 -0.3141 0.6923, 1.5959 -0.3091 0.692, 1.5959 -0.1674 0.6459, 1.5959 -0.18 0.6397, 1.5959 -0.1937 0.6368, 1.5959 -0.2298 0.6496, 1.5959 -0.2297 0.6512, 1.5959 -0.273 0.6549, 1.5959 -0.2289 0.6543, 1.5959 -0.2273 0.6571, 1.5959 -0.1749 0.6722, 1.5959 -0.1704 0.6786, 1.5959 -0.1675 0.6859, 1.5959 -0.1665 0.6939, 1.5959 -0.2179 0.6368, 1.5959 -0.2202 0.6372, 1.5959 -0.2229 0.6383, 1.5959 -0.2256 0.6402, 1.5959 -0.2266 0.6411, 1.5959 -0.2283 0.6437, 1.5959 -0.2294 0.6465, 1.5959 -0.2732 0.6465, 1.5959 -0.273 0.6508, 1.5959 -0.2146 0.6619, 1.5959 -0.1961 0.6619, 1.5959 -0.1887 0.6633, 1.5959 -0.1815 0.6667, 1.5959 -0.1754 0.6716, 1.5959 -0.2107 0.7507, 1.5959 -0.22 0.7618, 1.5959 -0.3145 0.7379, 1.5959 -0.221 0.7627, 1.5959 -0.2326 0.7707, 1.5959 -0.3082 0.7509, 1.5959 -0.3174 0.7395, 1.5959 -0.3266 0.7429, 1.5959 -0.1725 0.7125, 1.5959 -0.1772 0.7178, 1.5959 -0.1986 0.726, 1.5959 -0.1836 0.7223, 1.5959 -0.1908 0.725, 1.5959 -0.2019 0.726, 1.5959 -0.2044 0.7375, 1.5959 -0.3507 0.7414, 1.5959 -0.3598 0.7366, 1.5959 -0.3405 0.7439, 1.5959 -0.3669 0.7303, 1.5959 -0.3726 0.7221, 1.5959 -0.299 0.7619, 1.5959 -0.2455 0.7756, 1.5959 -0.288 0.77, 1.5959 -0.2594 0.7774, 1.5959 -0.2745 0.7754, 1.5959 -0.3362 0.7441, 1.5959 -0.3761 0.7129, 1.5959 0.0961 0.6882, 1.5959 0.0974 0.6436, 1.5959 0.1029 0.7113, 1.5959 0.1029 0.6365, 1.5959 0.0974 0.637, 1.5959 0.0846 0.6365, 1.5959 0.0846 0.6697, 1.5959 0.0945 0.6697, 1.5959 0.0945 0.6631, 1.5959 0.0846 0.6436, 1.5959 0.0846 0.6631, 1.5959 0.0738 0.6631, 1.5959 0.0738 0.6436, 1.5959 0.0846 0.6882, 1.5959 0.0738 0.6882, 1.5959 0.0738 0.6697, 1.5959 0.0846 0.637, 1.5959 0.0663 0.637, 1.5959 0.0421 0.6365, 1.5959 0.0585 0.6783, 1.5959 0.0378 0.6473, 1.5959 0.0387 0.6439, 1.5959 0.0389 0.6439, 1.5959 0.0305 0.7113, 1.5959 0.0663 0.6948, 1.5959 0.0846 0.7113, 1.5959 0.0846 0.6948, 1.5959 0.0961 0.6948, 1.5959 0.0392 0.6453, 1.5959 0.0397 0.6472, 1.5959 0.0305 0.6683, 1.5959 0.051 0.6783, 1.5959 -0.0127 0.646, 1.5959 -0.0201 0.7113, 1.5959 -0.0201 0.6365, 1.5959 -0.0127 0.6385, 1.5959 -0.01 0.6443, 1.5959 -0.0094 0.644, 1.5959 -0.0094 0.6594, 1.5959 -0.0106 0.6606, 1.5959 -0.0116 0.6621, 1.5959 -0.0124 0.6644, 1.5959 -0.0127 0.6672, 1.5959 -0.0124 0.6698, 1.5959 -0.0095 0.6594, 1.5959 -0.0094 0.6137, 1.5959 -0.0015 0.6361, 1.5959 -0.0059 0.6365, 1.5959 0.0132 0.6774, 1.5959 0.0132 0.6704, 1.5959 -0.0081 0.676, 1.5959 -0.0059 0.6773, 1.5959 -0.0094 0.7113, 1.5959 0.0148 0.6454, 1.5959 0.0139 0.6431, 1.5959 0.0126 0.6411, 1.5959 -0.0116 0.6721, 1.5959 -0.0102 0.674, 1.5959 -0.0094 0.6748, 1.5959 -0.0019 0.6787, 1.5959 0.0034 0.6793, 1.5959 0.017 0.7113, 1.5959 0.0082 0.6788, 1.5959 0.0127 0.6551, 1.5959 0.0141 0.6531, 1.5959 0.0148 0.651, 1.5959 0.0151 0.6483, 1.5959 0.0105 0.6393, 1.5959 0.0082 0.638, 1.5959 0.0027 0.6734, 1.5959 0.0005 0.6732, 1.5959 -0.0052 0.6678, 1.5959 -0.0014 0.6727, 1.5959 -0.003 0.6718, 1.5959 -0.0052 0.6669, 1.5959 -0.0049 0.6657, 1.5959 -0.0044 0.6648, 1.5959 -0.0037 0.664, 1.5959 -0.0011 0.6624, 1.5959 0.0075 0.6728, 1.5959 0.0034 0.6604, 1.5959 0.0116 0.6713, 1.5959 0.0062 0.6593, 1.5959 0.011 0.6566, 1.5959 -0.0041 0.6709, 1.5959 -0.0048 0.67, 1.5959 -0.0051 0.669, 1.5959 -0.0055 0.6425, 1.5959 -0.0017 0.6552, 1.5959 -0.0061 0.6572, 1.5959 -0.0008 0.642, 1.5959 -0.0005 0.642, 1.5959 0.003 0.6532, 1.5959 0.0032 0.6424, 1.5959 0.0077 0.6476, 1.5959 0.0076 0.6485, 1.5959 0.0051 0.6431, 1.5959 0.0057 0.6435, 1.5959 0.0066 0.6442, 1.5959 0.0072 0.6451, 1.5959 0.0076 0.6462, 1.5959 0.0073 0.6496, 1.5959 0.0067 0.6505, 1.5959 0.0058 0.6515, 1.5959 0.1241 0.7445, 1.5959 0.1029 0.7445, 1.5959 0.13 0.7287, 1.5959 0.1382 0.7287, 1.5959 0.157 0.7113, 1.5959 0.1162 0.7865, 1.5959 0.0862 0.7287, 1.5959 0.0945 0.7287, 1.5959 0.1 0.7445, 1.5959 0.0237 0.7799, 1.5959 0.0305 0.787, 1.5959 0.0237 0.7865, 1.5959 0.017 0.787, 1.5959 0.017 0.7865, 1.5959 0.0221 0.7614, 1.5959 0.0221 0.7547, 1.5959 0.0014 0.7547, 1.5959 0.0014 0.7353, 1.5959 0.017 0.7353, 1.5959 0.017 0.7799, 1.5959 0.017 0.7614, 1.5959 0.0014 0.7799, 1.5959 0.0014 0.7614, 1.5959 -0.0061 0.7287, 1.5959 0.017 0.7287, 1.5959 0.025 0.7287, 1.5959 0.025 0.7353, 1.5959 0.017 0.7547, 1.5959 -0.0061 0.7865, 1.5959 -0.0094 0.787, 1.5959 -0.0201 0.7301, 1.5959 -0.0186 0.7306, 1.5959 -0.0176 0.7311, 1.5959 -0.0176 0.7383, 1.5959 -0.0312 0.7807, 1.5959 -0.0337 0.7806, 1.5959 -0.0201 0.7371, 1.5959 -0.0241 0.7799, 1.5959 -0.0176 0.7773, 1.5959 -0.0183 0.7777, 1.5959 -0.0201 0.7784, 1.5959 -0.0387 0.7796, 1.5959 -0.0433 0.7775, 1.5959 -0.047 0.7743, 1.5959 -0.0474 0.7739, 1.5959 -0.0502 0.7699, 1.5959 -0.0521 0.7649, 1.5959 -0.0531 0.757, 1.5959 -0.053 0.7546, 1.5959 -0.0224 0.736, 1.5959 -0.0288 0.7346, 1.5959 -0.0325 0.7344, 1.5959 -0.052 0.7489, 1.5959 -0.0501 0.7443, 1.5959 -0.0474 0.7405, 1.5959 -0.0459 0.739, 1.5959 -0.0378 0.735, 1.5959 -0.042 0.7364, 1.5959 -0.0251 0.787, 1.5959 -0.0237 0.7869, 1.5959 -0.0201 0.787, 1.5959 -0.0201 0.7858, 1.5959 -0.0176 0.7851, 1.5959 -0.0567 0.7735, 1.5959 -0.0525 0.779, 1.5959 -0.0513 0.7802, 1.5959 -0.0457 0.7841, 1.5959 -0.0574 0.7411, 1.5959 -0.0583 0.7434, 1.5959 -0.0583 0.7113, 1.5959 -0.0618 0.7113, 1.5959 -0.0583 0.6365, 1.5959 -0.0618 0.787, 1.5959 -0.0595 0.7671, 1.5959 -0.0583 0.7698, 1.5959 -0.0598 0.7472, 1.5959 -0.0609 0.7565, 1.5959 -0.0608 0.7595, 1.5959 -0.0441 0.7294, 1.5959 -0.0494 0.7322, 1.5959 -0.0248 0.7286, 1.5959 -0.0336 0.7277, 1.5959 -0.038 0.728, 1.5959 -0.0535 0.7356, 1.5959 -0.054 0.7362, 1.5959 -0.0528 0.6567, 1.5959 -0.0517 0.6684, 1.5959 -0.0542 0.6547, 1.5959 -0.0552 0.6521, 1.5959 -0.0334 0.6392, 1.5959 -0.0359 0.6375, 1.5959 -0.0298 0.637, 1.5959 -0.0387 0.6365, 1.5959 -0.0545 0.6423, 1.5959 -0.0554 0.6448, 1.5959 -0.0497 0.6376, 1.5959 -0.047 0.6366, 1.5959 -0.0468 0.6365, 1.5959 -0.0332 0.6789, 1.5959 -0.0301 0.6779, 1.5959 -0.0506 0.6586, 1.5959 -0.0475 0.6602, 1.5959 -0.0472 0.6713, 1.5959 -0.042 0.6616, 1.5959 -0.0357 0.6731, 1.5959 -0.0382 0.6734, 1.5959 -0.0427 0.6729, 1.5959 -0.0522 0.6393, 1.5959 -0.053 0.6401, 1.5959 -0.0277 0.6766, 1.5959 -0.0257 0.6747, 1.5959 -0.0243 0.6724, 1.5959 -0.0298 0.6434, 1.5959 -0.03 0.6434, 1.5959 -0.0311 0.6417, 1.5959 -0.0517 0.6754, 1.5959 -0.0502 0.6763, 1.5959 -0.0448 0.6784, 1.5959 -0.0375 0.6793, 1.5959 -0.0557 0.6481, 1.5959 -0.0557 0.649, 1.5959 -0.0298 0.6633, 1.5959 -0.03 0.6665, 1.5959 -0.0308 0.669, 1.5959 -0.0316 0.6705, 1.5959 -0.0231 0.6691, 1.5959 -0.0226 0.6636, 1.5959 -0.0226 0.637, 1.5959 -0.0327 0.6717, 1.5959 -0.034 0.6725, 1.5959 -0.0426 0.6361, 1.5959 -0.0583 0.6137, 1.5959 -0.0389 0.6365, 1.5959 -0.0201 0.6137, 1.5959 0.0305 0.6488, 1.5959 0.0189 0.6783, 1.5959 0.027 0.6783, 1.5959 0.0351 0.6371, 1.5959 0.0348 0.6365, 1.5959 0.0319 0.6296, 1.5959 0.017 0.6137, 1.5959 0.0204 0.6182, 1.5959 0.0204 0.6246, 1.5959 0.0219 0.6241, 1.5959 0.0245 0.6238, 1.5959 0.0305 0.6189, 1.5959 0.028 0.6179, 1.5959 0.0305 0.6137, 1.5959 0.0251 0.6176, 1.5959 0.0235 0.6176, 1.5959 0.0263 0.624, 1.5959 0.0279 0.6246, 1.5959 0.0398 0.6308, 1.5959 0.0365 0.6244, 1.5959 0.0846 0.6137, 1.5959 0.0339 0.6212, 1.5959 0.0334 0.6208, 1.5959 0.0308 0.619, 1.5959 0.274 0.787, 1.5959 0.274 0.7113, 1.5959 0.274 0.6365, 1.5959 0.2423 0.6365, 1.5959 0.1964 0.6528, 1.5959 0.1724 0.6528, 1.5959 0.2023 0.637, 1.5959 0.1668 0.637, 1.5959 0.157 0.6365, 1.5959 0.1586 0.637, 1.5959 0.1806 0.6948, 1.5959 0.1886 0.6948, 1.5959 0.1029 0.7724, 1.5959 0.1082 0.7865, 1.5959 0.1029 0.787, 1.5959 0.2106 0.637, 1.5959 0.1538 0.6562, 1.5959 0.151 0.6502, 1.5959 0.1467 0.6451, 1.5959 0.1406 0.6408, 1.5959 0.1523 0.6801, 1.5959 0.1544 0.6746, 1.5959 0.1554 0.6667, 1.5959 0.1552 0.663, 1.5959 0.134 0.6382, 1.5959 0.1242 0.637, 1.5959 0.1083 0.637, 1.5959 0.1083 0.6948, 1.5959 0.1248 0.6948, 1.5959 0.1336 0.6939, 1.5959 0.1406 0.6913, 1.5959 0.1467 0.6872, 1.5959 0.1487 0.6852, 1.5959 0.1029 0.6137, 1.5959 0.157 0.6137, 1.5959 0.0828 0.7547, 1.5959 0.0814 0.7479, 1.5959 0.0786 0.7419, 1.5959 0.0743 0.7368, 1.5959 0.0359 0.7287, 1.5959 0.0799 0.7718, 1.5959 0.0682 0.7325, 1.5959 0.0616 0.7299, 1.5959 0.0518 0.7287, 1.5959 0.0359 0.7865, 1.5959 0.0524 0.7865, 1.5959 0.0613 0.7855, 1.5959 0.0682 0.783, 1.5959 0.0743 0.7789, 1.5959 0.0763 0.7768, 1.5959 -0.0201 1.09, 1.5959 -0.0094 1.09, 1.5959 0.017 1.09, 1.5959 0.0305 1.09, 1.5959 0.0846 1.09, 1.5959 0.1029 1.09, 1.5959 0.157 1.09, 1.5959 0.2423 1.09, 1.5959 0.274 1.09, 1.5959 0.2423 0.0, 1.5959 0.157 0.0, 1.5959 0.1029 0.0, 1.5959 0.0846 0.0, 1.5959 0.0305 0.0, 1.5959 0.017 0.0, 1.5959 -0.0094 0.0, 1.5959 -0.0201 0.0, 1.5959 -0.0583 0.0, 1.5959 -0.0618 0.6137, 1.5959 -0.0618 0.0, 1.5959 -0.0626 0.6436, 1.5959 -0.0626 0.637, 1.5959 -0.0618 0.6365, 1.5959 -0.0937 0.637, 1.5959 -0.064 0.6882, 1.5959 -0.0937 0.6948, 1.5959 -0.064 0.6948, 1.5959 -0.0863 0.6631, 1.5959 -0.0863 0.6436, 1.5959 -0.0656 0.6631, 1.5959 -0.0656 0.6697, 1.5959 -0.0863 0.6697, 1.5959 -0.0863 0.6882, 1.5959 -0.0937 0.7287, 1.5959 -0.0937 0.7865, 1.5959 -0.0633 0.7287, 1.5959 -0.0618 1.09, 1.5959 -0.0583 1.09, 1.5959 -0.0313 0.7875, 1.5959 -0.5167 1.378, 1.5959 -0.1174 1.378, 1.5959 -0.0618 1.378, 1.5959 -0.0583 1.378, 1.5959 -0.0201 1.378, 1.5959 -0.0094 1.378, 1.5959 0.017 1.378, 1.5959 0.0305 1.378, 1.5959 0.0846 1.378, 1.5959 0.1029 1.378, 1.5959 0.157 1.378, 1.5959 0.2423 1.378, 1.5959 0.274 1.378, 1.6732 -0.5833 0.2866, 1.6732 -0.662 0.2866, 1.6732 -0.662 0.0, 1.6732 -0.5167 0.0, 1.6732 -0.5167 0.24, 1.6732 -0.5219 0.2511, 1.6732 -0.5331 0.2658, 1.6732 -0.5478 0.2771, 1.6732 -0.5649 0.2842, 1.6732 -0.5167 1.138, 1.6732 -0.5167 1.378, 1.6732 -0.5219 1.1268, 1.6732 -0.662 1.378, 1.6732 -0.662 1.0914, 1.6732 -0.5833 1.0914, 1.6732 -0.5649 1.0938, 1.6732 -0.5478 1.1009, 1.6732 -0.5331 1.1121, 1.529 -0.9071 0.0, 1.529 -0.9071 0.2866, 1.529 -0.9071 1.378, 1.529 -0.9071 1.0914, -1.6732 -0.5833 1.0914, -1.6732 -0.662 1.0914, -1.6732 -0.662 1.378, -1.6732 -0.5245 1.1226, -1.6732 -0.5358 1.1096, -1.6732 -0.55 1.0997, -1.6732 -0.5661 1.0935, -1.5959 0.274 1.378, -1.2744 0.274 1.378, -1.2744 0.274 1.1811, 1.2744 0.274 1.1811, 1.2744 0.274 1.378, 1.2909 0.274 0.5512, 1.3266 0.274 0.5559, -0.6941 0.274 1.378, -0.2902 0.274 1.378, -0.6941 0.274 1.1811, -0.2902 0.274 1.1811, 1.1531 0.274 0.689, 0.2902 0.274 1.1811, 1.1578 0.274 0.7246, -1.424 0.274 0.6533, -1.4102 0.274 0.6201, -1.5959 0.274 0.0, -1.3883 0.274 0.5915, -1.222 0.274 0.5696, -1.1935 0.274 0.5915, -1.1716 0.274 0.6201, -1.1578 0.274 0.6533, 0.2902 0.274 1.378, 0.6941 0.274 1.378, 0.6941 0.274 1.1811, -1.4287 0.274 0.689, -1.424 0.274 0.7246, -1.4102 0.274 0.7579, 1.424 0.274 0.6533, 1.4287 0.274 0.689, 1.424 0.274 0.7246, -1.2909 0.274 0.8268, -1.3266 0.274 0.8221, -1.3598 0.274 0.5696, -1.3266 0.274 0.5559, -1.2909 0.274 0.5512, 1.1716 0.274 0.6201, 1.1935 0.274 0.5915, 1.222 0.274 0.5696, 1.2552 0.274 0.5559, -1.3598 0.274 0.8083, -1.3883 0.274 0.7864, 1.2909 0.274 0.8268, 1.2552 0.274 0.8221, 1.1578 0.274 0.6533, -1.2552 0.274 0.5559, 1.3598 0.274 0.5696, 1.3883 0.274 0.5915, 1.4102 0.274 0.6201, -1.1716 0.274 0.7579, -1.1578 0.274 0.7246, -1.1531 0.274 0.689, 1.222 0.274 0.8083, 1.1935 0.274 0.7864, 1.1716 0.274 0.7579, 1.4102 0.274 0.7579, 1.3883 0.274 0.7864, 1.3598 0.274 0.8083, 1.3266 0.274 0.8221, -1.1935 0.274 0.7864, -1.222 0.274 0.8083, -1.2552 0.274 0.8221, 1.13 0.0659 1.378, 1.13 -0.0732 1.378, 0.8385 -0.0732 1.378, -1.529 -0.9071 1.378, 0.8385 0.0659 1.378, 0.1458 0.0659 1.378, 0.1458 -0.0732 1.378, -0.1458 -0.0732 1.378, -1.13 0.0659 1.378, -1.13 -0.0732 1.378, -0.8385 -0.0732 1.378, -0.1458 0.0659 1.378, -0.8385 0.0659 1.378, -1.529 -0.9071 0.0, -0.8385 0.0659 1.1811, -0.8385 -0.0732 1.1811, -1.13 -0.0732 1.1811, -1.13 0.0659 1.1811, 0.1458 0.0659 1.1811, 0.1458 -0.0732 1.1811, -0.1458 -0.0732 1.1811, -0.1458 0.0659 1.1811, 1.13 0.0659 1.1811, 1.13 -0.0732 1.1811, 0.8385 -0.0732 1.1811, 0.8385 0.0659 1.1811, -1.6693 -0.6687 0.2866, -1.6693 -0.6687 1.0914, 0.7874 -0.9071 0.2756, 0.7874 -0.9071 1.1024, -0.7874 -0.9071 1.1024, -0.7874 -0.9071 0.2756, 0.7874 -0.8677 0.2756, 0.7874 -0.8677 1.1024, -0.7874 -0.8677 0.2756, -0.7874 -0.8677 1.1024, 1.2552 0.3528 0.8221, 1.222 0.3528 0.8083, 1.1935 0.3528 0.7864, 1.1716 0.3528 0.7579, 1.1578 0.3528 0.7246, 1.1531 0.3528 0.689, 1.1578 0.3528 0.6533, 1.1716 0.3528 0.6201, 1.1935 0.3528 0.5915, 1.222 0.3528 0.5696, 1.2552 0.3528 0.5559, 1.2909 0.3528 0.5512, 1.3266 0.3528 0.5559, 1.3598 0.3528 0.5696, 1.3883 0.3528 0.5915, 1.4102 0.3528 0.6201, 1.424 0.3528 0.6533, 1.4287 0.3528 0.689, 1.424 0.3528 0.7246, 1.4102 0.3528 0.7579, 1.3883 0.3528 0.7864, 1.3598 0.3528 0.8083, 1.3266 0.3528 0.8221, 1.2909 0.3528 0.8268, 1.3401 0.3921 0.6037, 1.3164 0.3921 0.5939, 1.2909 0.3921 0.689, 1.2909 0.3921 0.5906, 1.2654 0.3921 0.5939, 1.386 0.3921 0.6635, 1.3761 0.3921 0.6398, 1.3605 0.3921 0.6194, 1.3761 0.3921 0.7382, 1.386 0.3921 0.7145, 1.3893 0.3921 0.689, 1.3164 0.3921 0.7841, 1.3401 0.3921 0.7742, 1.3605 0.3921 0.7586, 1.2417 0.3921 0.7742, 1.2654 0.3921 0.7841, 1.2909 0.3921 0.7874, 1.1958 0.3921 0.7145, 1.2057 0.3921 0.7382, 1.2213 0.3921 0.7586, 1.2057 0.3921 0.6398, 1.1958 0.3921 0.6635, 1.1925 0.3921 0.689, 1.2417 0.3921 0.6037, 1.2213 0.3921 0.6194, -1.3266 0.3528 0.8221, -1.3598 0.3528 0.8083, -1.3883 0.3528 0.7864, -1.4102 0.3528 0.7579, -1.424 0.3528 0.7246, -1.4287 0.3528 0.689, -1.424 0.3528 0.6533, -1.4102 0.3528 0.6201, -1.3883 0.3528 0.5915, -1.3598 0.3528 0.5696, -1.3266 0.3528 0.5559, -1.2909 0.3528 0.5512, -1.2552 0.3528 0.5559, -1.222 0.3528 0.5696, -1.1935 0.3528 0.5915, -1.1716 0.3528 0.6201, -1.1578 0.3528 0.6533, -1.1531 0.3528 0.689, -1.1578 0.3528 0.7246, -1.1716 0.3528 0.7579, -1.1935 0.3528 0.7864, -1.222 0.3528 0.8083, -1.2552 0.3528 0.8221, -1.2909 0.3528 0.8268, -1.2417 0.3921 0.6037, -1.2654 0.3921 0.5939, -1.2909 0.3921 0.689, -1.2909 0.3921 0.5906, -1.3164 0.3921 0.5939, -1.1958 0.3921 0.6635, -1.2057 0.3921 0.6398, -1.2213 0.3921 0.6194, -1.2057 0.3921 0.7382, -1.1958 0.3921 0.7145, -1.1925 0.3921 0.689, -1.2654 0.3921 0.7841, -1.2417 0.3921 0.7742, -1.2213 0.3921 0.7586, -1.3401 0.3921 0.7742, -1.3164 0.3921 0.7841, -1.2909 0.3921 0.7874, -1.386 0.3921 0.7145, -1.3761 0.3921 0.7382, -1.3605 0.3921 0.7586, -1.3761 0.3921 0.6398, -1.386 0.3921 0.6635, -1.3893 0.3921 0.689, -1.3401 0.3921 0.6037, -1.3605 0.3921 0.6194, -1.319 0.3908 0.5841, -1.3452 0.3908 0.5949, -1.3677 0.3908 0.6122, -1.385 0.3908 0.6347, -1.3958 0.3908 0.6609, -1.3995 0.3908 0.689, -1.3958 0.3908 0.7171, -1.385 0.3908 0.7433, -1.3677 0.3908 0.7658, -1.3452 0.3908 0.783, -1.319 0.3908 0.7939, -1.2909 0.3908 0.7976, -1.2628 0.3908 0.7939, -1.2366 0.3908 0.783, -1.2141 0.3908 0.7658, -1.1968 0.3908 0.7433, -1.186 0.3908 0.7171, -1.1823 0.3908 0.689, -1.186 0.3908 0.6609, -1.1968 0.3908 0.6347, -1.2141 0.3908 0.6122, -1.2366 0.3908 0.5949, -1.2628 0.3908 0.5841, -1.2909 0.3908 0.5804, -1.3215 0.3869 0.5749, -1.35 0.3869 0.5867, -1.3744 0.3869 0.6055, -1.3932 0.3869 0.6299, -1.405 0.3869 0.6584, -1.409 0.3869 0.689, -1.405 0.3869 0.7195, -1.3932 0.3869 0.748, -1.3744 0.3869 0.7725, -1.35 0.3869 0.7913, -1.3215 0.3869 0.8031, -1.2909 0.3869 0.8071, -1.2603 0.3869 0.8031, -1.2319 0.3869 0.7913, -1.2074 0.3869 0.7725, -1.1886 0.3869 0.748, -1.1768 0.3869 0.7195, -1.1728 0.3869 0.689, -1.1768 0.3869 0.6584, -1.1886 0.3869 0.6299, -1.2074 0.3869 0.6055, -1.2319 0.3869 0.5867, -1.2603 0.3869 0.5749, -1.2909 0.3869 0.5709, -1.3236 0.3806 0.567, -1.354 0.3806 0.5796, -1.3802 0.3806 0.5997, -1.4003 0.3806 0.6258, -1.4129 0.3806 0.6563, -1.4172 0.3806 0.689, -1.4129 0.3806 0.7217, -1.4003 0.3806 0.7521, -1.3802 0.3806 0.7783, -1.354 0.3806 0.7983, -1.3236 0.3806 0.8109, -1.2909 0.3806 0.8152, -1.2582 0.3806 0.8109, -1.2278 0.3806 0.7983, -1.2016 0.3806 0.7783, -1.1816 0.3806 0.7521, -1.1689 0.3806 0.7217, -1.1646 0.3806 0.689, -1.1689 0.3806 0.6563, -1.1816 0.3806 0.6258, -1.2016 0.3806 0.5997, -1.2278 0.3806 0.5796, -1.2582 0.3806 0.567, -1.2909 0.3806 0.5627, -1.3252 0.3724 0.561, -1.3572 0.3724 0.5742, -1.3846 0.3724 0.5953, -1.4057 0.3724 0.6227, -1.4189 0.3724 0.6547, -1.4234 0.3724 0.689, -1.4189 0.3724 0.7233, -1.4057 0.3724 0.7552, -1.3846 0.3724 0.7827, -1.3572 0.3724 0.8037, -1.3252 0.3724 0.817, -1.2909 0.3724 0.8215, -1.2566 0.3724 0.817, -1.2246 0.3724 0.8037, -1.1972 0.3724 0.7827, -1.1761 0.3724 0.7552, -1.1629 0.3724 0.7233, -1.1584 0.3724 0.689, -1.1629 0.3724 0.6547, -1.1761 0.3724 0.6227, -1.1972 0.3724 0.5953, -1.2246 0.3724 0.5742, -1.2566 0.3724 0.561, -1.2909 0.3724 0.5565, -1.3262 0.3629 0.5572, -1.3591 0.3629 0.5708, -1.3874 0.3629 0.5925, -1.4091 0.3629 0.6208, -1.4227 0.3629 0.6537, -1.4274 0.3629 0.689, -1.4227 0.3629 0.7243, -1.4091 0.3629 0.7572, -1.3874 0.3629 0.7855, -1.3591 0.3629 0.8072, -1.3262 0.3629 0.8208, -1.2909 0.3629 0.8254, -1.2556 0.3629 0.8208, -1.2227 0.3629 0.8072, -1.1944 0.3629 0.7855, -1.1727 0.3629 0.7572, -1.1591 0.3629 0.7243, -1.1545 0.3629 0.689, -1.1591 0.3629 0.6537, -1.1727 0.3629 0.6208, -1.1944 0.3629 0.5925, -1.2227 0.3629 0.5708, -1.2556 0.3629 0.5572, -1.2909 0.3629 0.5525, 1.2628 0.3908 0.5841, 1.2366 0.3908 0.5949, 1.2141 0.3908 0.6122, 1.1968 0.3908 0.6347, 1.186 0.3908 0.6609, 1.1823 0.3908 0.689, 1.186 0.3908 0.7171, 1.1968 0.3908 0.7433, 1.2141 0.3908 0.7658, 1.2366 0.3908 0.783, 1.2628 0.3908 0.7939, 1.2909 0.3908 0.7976, 1.319 0.3908 0.7939, 1.3452 0.3908 0.783, 1.3677 0.3908 0.7658, 1.385 0.3908 0.7433, 1.3958 0.3908 0.7171, 1.3995 0.3908 0.689, 1.3958 0.3908 0.6609, 1.385 0.3908 0.6347, 1.3677 0.3908 0.6122, 1.3452 0.3908 0.5949, 1.319 0.3908 0.5841, 1.2909 0.3908 0.5804, 1.2603 0.3869 0.5749, 1.2319 0.3869 0.5867, 1.2074 0.3869 0.6055, 1.1886 0.3869 0.6299, 1.1768 0.3869 0.6584, 1.1728 0.3869 0.689, 1.1768 0.3869 0.7195, 1.1886 0.3869 0.748, 1.2074 0.3869 0.7725, 1.2319 0.3869 0.7913, 1.2603 0.3869 0.8031, 1.2909 0.3869 0.8071, 1.3215 0.3869 0.8031, 1.35 0.3869 0.7913, 1.3744 0.3869 0.7725, 1.3932 0.3869 0.748, 1.405 0.3869 0.7195, 1.409 0.3869 0.689, 1.405 0.3869 0.6584, 1.3932 0.3869 0.6299, 1.3744 0.3869 0.6055, 1.35 0.3869 0.5867, 1.3215 0.3869 0.5749, 1.2909 0.3869 0.5709, 1.2582 0.3806 0.567, 1.2278 0.3806 0.5796, 1.2016 0.3806 0.5997, 1.1816 0.3806 0.6258, 1.1689 0.3806 0.6563, 1.1646 0.3806 0.689, 1.1689 0.3806 0.7217, 1.1816 0.3806 0.7521, 1.2016 0.3806 0.7783, 1.2278 0.3806 0.7983, 1.2582 0.3806 0.8109, 1.2909 0.3806 0.8152, 1.3236 0.3806 0.8109, 1.354 0.3806 0.7983, 1.3802 0.3806 0.7783, 1.4003 0.3806 0.7521, 1.4129 0.3806 0.7217, 1.4172 0.3806 0.689, 1.4129 0.3806 0.6563, 1.4003 0.3806 0.6258, 1.3802 0.3806 0.5997, 1.354 0.3806 0.5796, 1.3236 0.3806 0.567, 1.2909 0.3806 0.5627, 1.2566 0.3724 0.561, 1.2246 0.3724 0.5742, 1.1972 0.3724 0.5953, 1.1761 0.3724 0.6227, 1.1629 0.3724 0.6547, 1.1584 0.3724 0.689, 1.1629 0.3724 0.7233, 1.1761 0.3724 0.7552, 1.1972 0.3724 0.7827, 1.2246 0.3724 0.8037, 1.2566 0.3724 0.817, 1.2909 0.3724 0.8215, 1.3252 0.3724 0.817, 1.3572 0.3724 0.8037, 1.3846 0.3724 0.7827, 1.4057 0.3724 0.7552, 1.4189 0.3724 0.7233, 1.4234 0.3724 0.689, 1.4189 0.3724 0.6547, 1.4057 0.3724 0.6227, 1.3846 0.3724 0.5953, 1.3572 0.3724 0.5742, 1.3252 0.3724 0.561, 1.2909 0.3724 0.5565, 1.2556 0.3629 0.5572, 1.2227 0.3629 0.5708, 1.1944 0.3629 0.5925, 1.1727 0.3629 0.6208, 1.1591 0.3629 0.6537, 1.1545 0.3629 0.689, 1.1591 0.3629 0.7243, 1.1727 0.3629 0.7572, 1.1944 0.3629 0.7855, 1.2227 0.3629 0.8072, 1.2556 0.3629 0.8208, 1.2909 0.3629 0.8254, 1.3262 0.3629 0.8208, 1.3591 0.3629 0.8072, 1.3874 0.3629 0.7855, 1.4091 0.3629 0.7572, 1.4227 0.3629 0.7243, 1.4274 0.3629 0.689, 1.4227 0.3629 0.6537, 1.4091 0.3629 0.6208, 1.3874 0.3629 0.5925, 1.3591 0.3629 0.5708, 1.3262 0.3629 0.5572, 1.2909 0.3629 0.5525
            ]
        }
        coordIndex [
            0,1,2,-1,2,1,3,-1,2,3,4,-1,5,6,7,-1,7,6,2,-1,7,2,8,-1,8,2,4,-1,9,10,11,-1,11,10,12,-1,11,12,13,-1,13,12,14,-1,13,14,5,-1,5,14,6,-1,15,16,17,-1,18,19,20,-1,21,22,23,-1,24,25,26,-1,27,28,29,-1,30,31,32,-1,33,34,35,-1,36,37,38,-1,39,40,41,-1,42,43,44,-1,45,46,47,-1,45,47,48,-1,48,47,49,-1,48,49,50,-1,44,48,42,-1,42,48,50,-1,42,50,51,-1,51,50,52,-1,51,52,53,-1,54,55,56,-1,54,56,57,-1,53,58,51,-1,51,58,59,-1,51,59,56,-1,56,59,60,-1,56,60,57,-1,57,60,61,-1,55,62,56,-1,56,62,63,-1,56,63,64,-1,64,63,65,-1,64,65,66,-1,65,67,66,-1,66,67,68,-1,66,68,69,-1,70,71,72,-1,68,73,69,-1,69,73,74,-1,69,74,75,-1,72,71,76,-1,76,71,77,-1,76,77,78,-1,75,79,69,-1,69,79,80,-1,69,80,70,-1,41,81,82,-1,70,72,69,-1,69,72,83,-1,69,83,40,-1,83,84,40,-1,40,84,85,-1,40,85,41,-1,41,85,86,-1,41,86,81,-1,87,88,39,-1,82,89,90,-1,90,89,91,-1,90,91,92,-1,93,94,95,-1,95,94,90,-1,95,90,96,-1,96,90,97,-1,92,98,90,-1,90,98,99,-1,90,99,97,-1,100,101,102,-1,102,101,103,-1,103,104,102,-1,102,104,105,-1,102,105,106,-1,107,108,109,-1,110,111,112,-1,112,111,113,-1,107,109,114,-1,115,116,117,-1,118,119,111,-1,111,119,120,-1,111,120,121,-1,93,122,94,-1,94,122,123,-1,94,123,117,-1,117,123,124,-1,117,124,115,-1,108,125,109,-1,109,125,126,-1,109,126,127,-1,128,129,130,-1,130,129,131,-1,130,131,132,-1,133,121,134,-1,134,121,135,-1,134,135,130,-1,130,135,136,-1,130,136,128,-1,133,137,121,-1,121,137,138,-1,121,138,111,-1,111,138,139,-1,111,139,113,-1,116,140,117,-1,117,140,141,-1,117,141,142,-1,143,144,145,-1,145,144,146,-1,145,146,109,-1,109,146,147,-1,109,147,114,-1,148,149,109,-1,109,149,150,-1,109,150,111,-1,111,150,151,-1,111,151,118,-1,152,153,100,-1,153,154,100,-1,100,154,155,-1,100,155,156,-1,156,157,100,-1,100,157,158,-1,100,158,159,-1,159,158,143,-1,159,143,160,-1,160,143,145,-1,127,161,109,-1,109,161,162,-1,109,162,163,-1,163,164,109,-1,109,164,165,-1,109,165,148,-1,166,167,168,-1,167,169,168,-1,168,169,170,-1,168,170,171,-1,120,168,121,-1,121,168,172,-1,121,172,173,-1,174,175,176,-1,176,175,177,-1,176,177,178,-1,174,176,120,-1,120,176,179,-1,120,179,168,-1,168,179,180,-1,168,180,166,-1,181,182,183,-1,183,182,184,-1,183,184,185,-1,171,170,186,-1,186,170,187,-1,186,187,188,-1,188,187,189,-1,188,189,190,-1,173,191,121,-1,121,191,183,-1,121,183,192,-1,192,183,185,-1,193,194,195,-1,195,194,196,-1,196,194,197,-1,196,197,198,-1,199,200,193,-1,193,200,194,-1,194,200,201,-1,194,201,202,-1,201,203,202,-1,202,203,204,-1,202,204,205,-1,193,206,199,-1,199,206,207,-1,199,207,208,-1,197,209,198,-1,198,209,210,-1,198,210,211,-1,211,210,212,-1,213,214,215,-1,216,217,218,-1,218,217,219,-1,218,219,195,-1,195,219,220,-1,195,220,193,-1,215,221,213,-1,213,221,222,-1,213,222,223,-1,223,222,224,-1,223,224,216,-1,216,224,212,-1,216,212,217,-1,217,212,210,-1,225,226,227,-1,38,37,227,-1,227,37,228,-1,227,228,225,-1,229,230,231,-1,232,233,225,-1,233,234,225,-1,225,234,235,-1,225,235,226,-1,226,235,236,-1,229,231,225,-1,225,231,237,-1,225,237,232,-1,238,239,240,-1,241,242,35,-1,243,244,245,-1,246,247,35,-1,35,247,248,-1,236,249,226,-1,226,249,250,-1,226,250,245,-1,245,250,251,-1,245,251,243,-1,244,252,245,-1,245,252,253,-1,245,253,254,-1,254,253,255,-1,254,255,241,-1,256,257,242,-1,242,257,258,-1,242,258,35,-1,35,258,259,-1,35,259,246,-1,248,260,35,-1,35,260,261,-1,35,261,33,-1,262,263,264,-1,264,263,265,-1,264,265,266,-1,264,267,262,-1,262,267,268,-1,262,268,269,-1,269,270,262,-1,262,270,271,-1,262,271,272,-1,272,271,273,-1,272,273,274,-1,274,273,275,-1,274,275,242,-1,242,275,276,-1,242,276,256,-1,277,278,266,-1,266,278,279,-1,266,279,264,-1,280,281,230,-1,230,281,282,-1,230,282,231,-1,280,283,281,-1,281,283,284,-1,281,284,285,-1,285,284,286,-1,285,287,288,-1,286,289,285,-1,285,289,290,-1,285,290,291,-1,291,292,285,-1,285,292,293,-1,285,293,287,-1,288,294,285,-1,285,294,295,-1,285,295,296,-1,297,298,299,-1,299,298,195,-1,299,195,300,-1,300,195,301,-1,300,301,302,-1,303,218,304,-1,304,218,195,-1,304,195,305,-1,305,195,298,-1,306,307,308,-1,308,307,309,-1,308,309,310,-1,311,312,216,-1,313,314,315,-1,306,316,317,-1,317,316,318,-1,317,318,319,-1,320,245,321,-1,321,245,254,-1,321,254,322,-1,322,254,216,-1,322,216,323,-1,323,216,312,-1,323,312,315,-1,315,312,324,-1,315,324,313,-1,310,309,325,-1,325,309,326,-1,325,326,320,-1,327,226,328,-1,328,226,245,-1,328,245,329,-1,329,245,330,-1,331,332,333,-1,331,333,334,-1,320,326,245,-1,245,326,335,-1,245,335,330,-1,330,335,336,-1,330,336,333,-1,333,336,337,-1,333,337,334,-1,332,338,333,-1,333,338,339,-1,333,339,340,-1,340,341,333,-1,333,341,342,-1,333,342,343,-1,343,344,333,-1,333,344,345,-1,333,345,346,-1,346,345,347,-1,347,345,348,-1,348,345,349,-1,348,349,350,-1,350,351,348,-1,348,351,352,-1,348,352,353,-1,353,352,354,-1,355,356,357,-1,357,356,358,-1,357,358,326,-1,326,358,359,-1,326,359,335,-1,32,360,361,-1,361,362,32,-1,32,362,363,-1,32,363,30,-1,364,365,366,-1,366,365,367,-1,366,367,368,-1,369,370,32,-1,32,370,371,-1,32,371,360,-1,365,372,367,-1,367,372,373,-1,367,373,369,-1,369,373,374,-1,369,374,370,-1,366,375,376,-1,327,377,226,-1,226,377,378,-1,226,378,366,-1,366,378,379,-1,366,379,375,-1,376,380,366,-1,366,380,381,-1,366,381,364,-1,382,383,384,-1,384,383,385,-1,386,387,388,-1,388,387,389,-1,388,389,227,-1,368,390,391,-1,392,368,393,-1,393,368,394,-1,395,396,226,-1,382,397,383,-1,383,397,398,-1,383,398,399,-1,399,398,400,-1,401,402,400,-1,400,402,403,-1,400,403,399,-1,392,404,368,-1,368,404,405,-1,368,405,390,-1,396,406,226,-1,226,406,407,-1,226,407,408,-1,409,410,388,-1,388,410,411,-1,388,411,386,-1,412,413,366,-1,366,413,414,-1,366,414,226,-1,226,414,415,-1,226,415,395,-1,391,416,368,-1,368,416,417,-1,368,417,366,-1,366,417,385,-1,366,385,412,-1,412,385,383,-1,418,419,400,-1,400,419,420,-1,400,420,421,-1,408,422,226,-1,226,422,423,-1,226,423,227,-1,227,423,424,-1,227,424,388,-1,421,425,400,-1,400,425,426,-1,400,426,401,-1,427,428,429,-1,429,428,430,-1,429,430,389,-1,29,431,35,-1,35,431,432,-1,241,35,254,-1,254,35,432,-1,254,432,216,-1,216,432,433,-1,216,433,223,-1,434,431,435,-1,435,431,29,-1,435,29,436,-1,436,29,28,-1,437,438,439,-1,239,238,34,-1,34,238,437,-1,34,437,35,-1,35,437,439,-1,35,439,29,-1,29,439,440,-1,29,440,441,-1,442,443,444,-1,444,443,445,-1,444,445,437,-1,437,445,446,-1,437,446,438,-1,441,447,29,-1,29,447,448,-1,29,448,27,-1,449,450,451,-1,449,451,211,-1,450,452,451,-1,451,452,453,-1,451,453,444,-1,444,453,454,-1,444,454,442,-1,455,22,456,-1,456,22,21,-1,456,21,457,-1,457,21,458,-1,459,460,461,-1,461,460,462,-1,461,462,458,-1,458,462,463,-1,463,462,464,-1,463,464,301,-1,301,464,465,-1,301,465,466,-1,467,468,469,-1,469,468,302,-1,469,302,23,-1,23,302,301,-1,23,301,21,-1,21,301,466,-1,21,466,458,-1,458,466,470,-1,458,470,461,-1,471,472,463,-1,463,472,473,-1,463,473,474,-1,475,476,301,-1,301,476,477,-1,301,477,463,-1,463,477,478,-1,463,478,471,-1,474,479,463,-1,463,479,480,-1,463,480,196,-1,196,480,481,-1,196,481,195,-1,481,482,195,-1,195,482,483,-1,195,483,301,-1,301,483,484,-1,301,484,485,-1,485,486,301,-1,301,486,487,-1,301,487,475,-1,211,451,198,-1,198,451,488,-1,198,488,196,-1,196,488,489,-1,196,489,463,-1,463,489,26,-1,463,26,458,-1,458,26,25,-1,458,25,457,-1,490,491,218,-1,218,491,492,-1,218,492,493,-1,317,311,306,-1,306,311,216,-1,306,216,307,-1,307,216,494,-1,18,20,495,-1,467,469,303,-1,303,469,20,-1,303,20,218,-1,218,20,19,-1,218,19,490,-1,493,496,218,-1,218,496,497,-1,218,497,216,-1,216,497,498,-1,216,498,494,-1,494,499,307,-1,307,499,500,-1,307,500,20,-1,20,500,501,-1,20,501,502,-1,502,503,20,-1,20,503,504,-1,20,504,495,-1,389,430,227,-1,227,430,238,-1,227,238,38,-1,38,238,240,-1,38,240,36,-1,355,357,505,-1,505,357,326,-1,505,326,506,-1,506,326,309,-1,506,309,507,-1,507,309,307,-1,507,307,508,-1,508,307,20,-1,508,20,509,-1,509,20,469,-1,509,469,510,-1,510,469,23,-1,510,23,511,-1,511,23,22,-1,511,22,512,-1,512,22,455,-1,512,455,513,-1,24,26,514,-1,514,26,489,-1,514,489,515,-1,515,489,488,-1,515,488,516,-1,516,488,451,-1,516,451,517,-1,517,451,444,-1,517,444,518,-1,518,444,437,-1,518,437,519,-1,519,437,238,-1,519,238,520,-1,520,238,430,-1,520,430,521,-1,521,430,428,-1,521,428,522,-1,523,524,522,-1,524,102,45,-1,45,102,106,-1,45,106,46,-1,524,523,102,-1,102,523,117,-1,102,117,100,-1,100,117,142,-1,100,142,152,-1,525,526,527,-1,527,526,528,-1,427,394,428,-1,428,394,368,-1,428,368,527,-1,527,368,367,-1,527,367,525,-1,525,367,529,-1,522,428,523,-1,523,428,527,-1,523,527,117,-1,117,527,528,-1,117,528,94,-1,94,528,530,-1,94,530,367,-1,367,530,531,-1,367,531,529,-1,532,533,534,-1,534,533,525,-1,534,525,535,-1,535,525,529,-1,535,529,536,-1,536,529,537,-1,538,539,90,-1,90,539,15,-1,90,15,369,-1,369,15,17,-1,369,17,367,-1,367,17,540,-1,367,540,94,-1,94,540,538,-1,94,538,90,-1,82,90,41,-1,41,90,369,-1,41,369,541,-1,541,369,32,-1,541,32,542,-1,542,32,31,-1,542,31,505,-1,505,31,543,-1,505,543,355,-1,87,39,544,-1,544,39,41,-1,544,41,545,-1,545,41,541,-1,545,541,546,-1,546,541,542,-1,546,542,547,-1,547,542,505,-1,547,505,548,-1,548,505,506,-1,548,506,549,-1,549,506,507,-1,549,507,550,-1,550,507,508,-1,550,508,551,-1,551,508,509,-1,551,509,552,-1,552,509,510,-1,552,510,553,-1,553,510,511,-1,553,511,554,-1,554,511,512,-1,554,512,555,-1,555,512,513,-1,555,513,556,-1,557,558,559,-1,560,561,559,-1,559,561,562,-1,559,562,563,-1,563,564,559,-1,559,564,565,-1,559,565,557,-1,566,567,568,-1,568,567,569,-1,570,571,569,-1,569,571,572,-1,572,573,569,-1,569,573,574,-1,569,574,568,-1,560,48,561,-1,561,48,44,-1,544,567,87,-1,87,567,566,-1,575,559,576,-1,576,559,558,-1,569,577,570,-1,570,577,578,-1,579,580,581,-1,10,9,581,-1,581,9,582,-1,581,582,583,-1,583,584,581,-1,581,584,585,-1,581,585,579,-1,586,587,588,-1,455,589,513,-1,513,589,590,-1,513,590,556,-1,591,592,24,-1,593,594,595,-1,595,594,596,-1,595,596,597,-1,597,596,598,-1,597,598,599,-1,600,601,602,-1,602,601,603,-1,604,605,597,-1,597,605,606,-1,597,606,607,-1,608,609,598,-1,598,609,610,-1,600,602,611,-1,611,602,586,-1,611,586,612,-1,612,586,588,-1,612,588,613,-1,25,614,457,-1,457,614,615,-1,616,455,615,-1,615,455,456,-1,615,456,457,-1,617,618,588,-1,603,619,602,-1,602,619,620,-1,602,620,621,-1,622,623,602,-1,602,623,624,-1,602,624,24,-1,24,624,625,-1,24,625,591,-1,618,626,588,-1,588,626,627,-1,588,627,613,-1,610,628,629,-1,622,602,630,-1,630,602,621,-1,630,621,597,-1,597,621,631,-1,597,631,604,-1,592,632,24,-1,24,632,633,-1,24,633,25,-1,25,633,634,-1,25,634,614,-1,635,595,636,-1,636,595,597,-1,636,597,637,-1,637,597,607,-1,629,638,610,-1,610,638,639,-1,610,639,598,-1,598,639,640,-1,598,640,599,-1,616,641,455,-1,455,641,642,-1,455,642,589,-1,589,642,643,-1,589,643,610,-1,610,643,644,-1,610,644,628,-1,635,645,595,-1,595,645,646,-1,595,646,588,-1,588,646,647,-1,588,647,617,-1,556,590,555,-1,555,590,648,-1,649,544,545,-1,545,546,649,-1,649,546,547,-1,649,547,548,-1,569,567,577,-1,577,567,544,-1,548,549,649,-1,649,549,550,-1,649,550,648,-1,648,550,551,-1,648,551,552,-1,552,553,648,-1,648,553,554,-1,648,554,555,-1,544,649,577,-1,577,649,650,-1,577,650,651,-1,609,608,652,-1,652,608,653,-1,652,653,650,-1,650,653,654,-1,650,654,651,-1,651,654,655,-1,587,586,656,-1,656,586,12,-1,656,12,657,-1,657,12,658,-1,594,593,659,-1,659,593,660,-1,659,660,655,-1,655,660,658,-1,655,658,651,-1,651,658,12,-1,651,12,581,-1,581,12,10,-1,2,6,661,-1,661,6,14,-1,560,559,48,-1,48,559,575,-1,515,602,514,-1,514,602,24,-1,602,521,522,-1,515,516,602,-1,602,516,517,-1,602,517,518,-1,518,519,602,-1,602,519,520,-1,602,520,521,-1,575,661,48,-1,48,661,14,-1,48,14,45,-1,45,14,602,-1,45,602,524,-1,524,602,522,-1,14,12,602,-1,602,12,586,-1,662,663,660,-1,660,663,658,-1,663,664,658,-1,658,664,657,-1,664,665,657,-1,657,665,656,-1,665,588,656,-1,656,588,587,-1,595,662,593,-1,593,662,660,-1,595,588,665,-1,664,663,665,-1,665,663,662,-1,665,662,595,-1,666,667,653,-1,653,667,654,-1,667,668,654,-1,654,668,655,-1,668,669,655,-1,655,669,659,-1,669,596,659,-1,659,596,594,-1,598,666,608,-1,608,666,653,-1,668,667,669,-1,669,667,666,-1,669,666,596,-1,596,666,598,-1,670,671,648,-1,648,671,649,-1,671,672,649,-1,649,672,650,-1,672,673,650,-1,650,673,652,-1,673,610,652,-1,652,610,609,-1,589,670,590,-1,590,670,648,-1,589,610,673,-1,672,671,673,-1,673,671,670,-1,673,670,589,-1,0,2,674,-1,674,2,661,-1,674,661,675,-1,675,661,651,-1,675,651,580,-1,580,651,581,-1,575,576,676,-1,676,576,578,-1,676,578,677,-1,677,578,577,-1,677,577,678,-1,678,577,651,-1,678,651,679,-1,679,651,661,-1,679,661,676,-1,676,661,575,-1,680,681,682,-1,682,681,683,-1,676,680,679,-1,679,680,682,-1,677,681,676,-1,676,681,680,-1,678,683,677,-1,677,683,681,-1,679,682,678,-1,678,682,683,-1,628,684,629,-1,629,684,685,-1,629,685,638,-1,638,685,686,-1,638,686,639,-1,639,686,687,-1,639,687,640,-1,640,687,688,-1,640,688,599,-1,599,688,689,-1,599,689,597,-1,597,689,690,-1,597,690,630,-1,630,690,691,-1,630,691,622,-1,622,691,692,-1,622,692,623,-1,623,692,693,-1,623,693,624,-1,624,693,694,-1,624,694,625,-1,625,694,695,-1,625,695,591,-1,591,695,696,-1,591,696,592,-1,592,696,697,-1,592,697,632,-1,632,697,698,-1,632,698,633,-1,633,698,699,-1,633,699,634,-1,634,699,700,-1,634,700,614,-1,614,700,701,-1,614,701,615,-1,615,701,702,-1,615,702,616,-1,616,702,703,-1,616,703,641,-1,641,703,704,-1,641,704,642,-1,642,704,705,-1,642,705,643,-1,643,705,706,-1,643,706,644,-1,644,706,707,-1,644,707,628,-1,628,707,684,-1,708,709,710,-1,710,709,711,-1,710,711,712,-1,713,714,710,-1,710,714,715,-1,710,715,708,-1,716,717,710,-1,710,717,718,-1,710,718,713,-1,719,720,710,-1,710,720,721,-1,710,721,716,-1,722,723,710,-1,710,723,724,-1,710,724,719,-1,725,726,710,-1,710,726,727,-1,710,727,722,-1,728,729,710,-1,710,729,730,-1,710,730,725,-1,712,731,710,-1,710,731,732,-1,710,732,728,-1,617,733,618,-1,618,733,734,-1,618,734,626,-1,626,734,735,-1,626,735,627,-1,627,735,736,-1,627,736,613,-1,613,736,737,-1,613,737,612,-1,612,737,738,-1,612,738,611,-1,611,738,739,-1,611,739,600,-1,600,739,740,-1,600,740,601,-1,601,740,741,-1,601,741,603,-1,603,741,742,-1,603,742,619,-1,619,742,743,-1,619,743,620,-1,620,743,744,-1,620,744,621,-1,621,744,745,-1,621,745,631,-1,631,745,746,-1,631,746,604,-1,604,746,747,-1,604,747,605,-1,605,747,748,-1,605,748,606,-1,606,748,749,-1,606,749,607,-1,607,749,750,-1,607,750,637,-1,637,750,751,-1,637,751,636,-1,636,751,752,-1,636,752,635,-1,635,752,753,-1,635,753,645,-1,645,753,754,-1,645,754,646,-1,646,754,755,-1,646,755,647,-1,647,755,756,-1,647,756,617,-1,617,756,733,-1,757,758,759,-1,759,758,760,-1,759,760,761,-1,762,763,759,-1,759,763,764,-1,759,764,757,-1,765,766,759,-1,759,766,767,-1,759,767,762,-1,768,769,759,-1,759,769,770,-1,759,770,765,-1,771,772,759,-1,759,772,773,-1,759,773,768,-1,774,775,759,-1,759,775,776,-1,759,776,771,-1,777,778,759,-1,759,778,779,-1,759,779,774,-1,761,780,759,-1,759,780,781,-1,759,781,777,-1,760,782,761,-1,761,782,783,-1,761,783,780,-1,780,783,784,-1,780,784,781,-1,781,784,785,-1,781,785,777,-1,777,785,786,-1,777,786,778,-1,778,786,787,-1,778,787,779,-1,779,787,788,-1,779,788,774,-1,774,788,789,-1,774,789,775,-1,775,789,790,-1,775,790,776,-1,776,790,791,-1,776,791,771,-1,771,791,792,-1,771,792,772,-1,772,792,793,-1,772,793,773,-1,773,793,794,-1,773,794,768,-1,768,794,795,-1,768,795,769,-1,769,795,796,-1,769,796,770,-1,770,796,797,-1,770,797,765,-1,765,797,798,-1,765,798,766,-1,766,798,799,-1,766,799,767,-1,767,799,800,-1,767,800,762,-1,762,800,801,-1,762,801,763,-1,763,801,802,-1,763,802,764,-1,764,802,803,-1,764,803,757,-1,757,803,804,-1,757,804,758,-1,758,804,805,-1,758,805,760,-1,760,805,782,-1,805,806,782,-1,782,806,807,-1,782,807,783,-1,783,807,808,-1,783,808,784,-1,784,808,809,-1,784,809,785,-1,785,809,810,-1,785,810,786,-1,786,810,811,-1,786,811,787,-1,787,811,812,-1,787,812,788,-1,788,812,813,-1,788,813,789,-1,789,813,814,-1,789,814,790,-1,790,814,815,-1,790,815,791,-1,791,815,816,-1,791,816,792,-1,792,816,817,-1,792,817,793,-1,793,817,818,-1,793,818,794,-1,794,818,819,-1,794,819,795,-1,795,819,820,-1,795,820,796,-1,796,820,821,-1,796,821,797,-1,797,821,822,-1,797,822,798,-1,798,822,823,-1,798,823,799,-1,799,823,824,-1,799,824,800,-1,800,824,825,-1,800,825,801,-1,801,825,826,-1,801,826,802,-1,802,826,827,-1,802,827,803,-1,803,827,828,-1,803,828,804,-1,804,828,829,-1,804,829,805,-1,805,829,806,-1,829,830,806,-1,806,830,831,-1,806,831,807,-1,807,831,832,-1,807,832,808,-1,808,832,833,-1,808,833,809,-1,809,833,834,-1,809,834,810,-1,810,834,835,-1,810,835,811,-1,811,835,836,-1,811,836,812,-1,812,836,837,-1,812,837,813,-1,813,837,838,-1,813,838,814,-1,814,838,839,-1,814,839,815,-1,815,839,840,-1,815,840,816,-1,816,840,841,-1,816,841,817,-1,817,841,842,-1,817,842,818,-1,818,842,843,-1,818,843,819,-1,819,843,844,-1,819,844,820,-1,820,844,845,-1,820,845,821,-1,821,845,846,-1,821,846,822,-1,822,846,847,-1,822,847,823,-1,823,847,848,-1,823,848,824,-1,824,848,849,-1,824,849,825,-1,825,849,850,-1,825,850,826,-1,826,850,851,-1,826,851,827,-1,827,851,852,-1,827,852,828,-1,828,852,853,-1,828,853,829,-1,829,853,830,-1,853,854,830,-1,830,854,855,-1,830,855,831,-1,831,855,856,-1,831,856,832,-1,832,856,857,-1,832,857,833,-1,833,857,858,-1,833,858,834,-1,834,858,859,-1,834,859,835,-1,835,859,860,-1,835,860,836,-1,836,860,861,-1,836,861,837,-1,837,861,862,-1,837,862,838,-1,838,862,863,-1,838,863,839,-1,839,863,864,-1,839,864,840,-1,840,864,865,-1,840,865,841,-1,841,865,866,-1,841,866,842,-1,842,866,867,-1,842,867,843,-1,843,867,868,-1,843,868,844,-1,844,868,869,-1,844,869,845,-1,845,869,870,-1,845,870,846,-1,846,870,871,-1,846,871,847,-1,847,871,872,-1,847,872,848,-1,848,872,873,-1,848,873,849,-1,849,873,874,-1,849,874,850,-1,850,874,875,-1,850,875,851,-1,851,875,876,-1,851,876,852,-1,852,876,877,-1,852,877,853,-1,853,877,854,-1,877,878,854,-1,854,878,879,-1,854,879,855,-1,855,879,880,-1,855,880,856,-1,856,880,881,-1,856,881,857,-1,857,881,882,-1,857,882,858,-1,858,882,883,-1,858,883,859,-1,859,883,884,-1,859,884,860,-1,860,884,885,-1,860,885,861,-1,861,885,886,-1,861,886,862,-1,862,886,887,-1,862,887,863,-1,863,887,888,-1,863,888,864,-1,864,888,889,-1,864,889,865,-1,865,889,890,-1,865,890,866,-1,866,890,891,-1,866,891,867,-1,867,891,892,-1,867,892,868,-1,868,892,893,-1,868,893,869,-1,869,893,894,-1,869,894,870,-1,870,894,895,-1,870,895,871,-1,871,895,896,-1,871,896,872,-1,872,896,897,-1,872,897,873,-1,873,897,898,-1,873,898,874,-1,874,898,899,-1,874,899,875,-1,875,899,900,-1,875,900,876,-1,876,900,901,-1,876,901,877,-1,877,901,878,-1,901,743,878,-1,878,743,742,-1,878,742,879,-1,879,742,741,-1,879,741,880,-1,880,741,740,-1,880,740,881,-1,881,740,739,-1,881,739,882,-1,882,739,738,-1,882,738,883,-1,883,738,737,-1,883,737,884,-1,884,737,736,-1,884,736,885,-1,885,736,735,-1,885,735,886,-1,886,735,734,-1,886,734,887,-1,887,734,733,-1,887,733,888,-1,888,733,756,-1,888,756,889,-1,889,756,755,-1,889,755,890,-1,890,755,754,-1,890,754,891,-1,891,754,753,-1,891,753,892,-1,892,753,752,-1,892,752,893,-1,893,752,751,-1,893,751,894,-1,894,751,750,-1,894,750,895,-1,895,750,749,-1,895,749,896,-1,896,749,748,-1,896,748,897,-1,897,748,747,-1,897,747,898,-1,898,747,746,-1,898,746,899,-1,899,746,745,-1,899,745,900,-1,900,745,744,-1,900,744,901,-1,901,744,743,-1,711,902,712,-1,712,902,903,-1,712,903,731,-1,731,903,904,-1,731,904,732,-1,732,904,905,-1,732,905,728,-1,728,905,906,-1,728,906,729,-1,729,906,907,-1,729,907,730,-1,730,907,908,-1,730,908,725,-1,725,908,909,-1,725,909,726,-1,726,909,910,-1,726,910,727,-1,727,910,911,-1,727,911,722,-1,722,911,912,-1,722,912,723,-1,723,912,913,-1,723,913,724,-1,724,913,914,-1,724,914,719,-1,719,914,915,-1,719,915,720,-1,720,915,916,-1,720,916,721,-1,721,916,917,-1,721,917,716,-1,716,917,918,-1,716,918,717,-1,717,918,919,-1,717,919,718,-1,718,919,920,-1,718,920,713,-1,713,920,921,-1,713,921,714,-1,714,921,922,-1,714,922,715,-1,715,922,923,-1,715,923,708,-1,708,923,924,-1,708,924,709,-1,709,924,925,-1,709,925,711,-1,711,925,902,-1,925,926,902,-1,902,926,927,-1,902,927,903,-1,903,927,928,-1,903,928,904,-1,904,928,929,-1,904,929,905,-1,905,929,930,-1,905,930,906,-1,906,930,931,-1,906,931,907,-1,907,931,932,-1,907,932,908,-1,908,932,933,-1,908,933,909,-1,909,933,934,-1,909,934,910,-1,910,934,935,-1,910,935,911,-1,911,935,936,-1,911,936,912,-1,912,936,937,-1,912,937,913,-1,913,937,938,-1,913,938,914,-1,914,938,939,-1,914,939,915,-1,915,939,940,-1,915,940,916,-1,916,940,941,-1,916,941,917,-1,917,941,942,-1,917,942,918,-1,918,942,943,-1,918,943,919,-1,919,943,944,-1,919,944,920,-1,920,944,945,-1,920,945,921,-1,921,945,946,-1,921,946,922,-1,922,946,947,-1,922,947,923,-1,923,947,948,-1,923,948,924,-1,924,948,949,-1,924,949,925,-1,925,949,926,-1,949,950,926,-1,926,950,951,-1,926,951,927,-1,927,951,952,-1,927,952,928,-1,928,952,953,-1,928,953,929,-1,929,953,954,-1,929,954,930,-1,930,954,955,-1,930,955,931,-1,931,955,956,-1,931,956,932,-1,932,956,957,-1,932,957,933,-1,933,957,958,-1,933,958,934,-1,934,958,959,-1,934,959,935,-1,935,959,960,-1,935,960,936,-1,936,960,961,-1,936,961,937,-1,937,961,962,-1,937,962,938,-1,938,962,963,-1,938,963,939,-1,939,963,964,-1,939,964,940,-1,940,964,965,-1,940,965,941,-1,941,965,966,-1,941,966,942,-1,942,966,967,-1,942,967,943,-1,943,967,968,-1,943,968,944,-1,944,968,969,-1,944,969,945,-1,945,969,970,-1,945,970,946,-1,946,970,971,-1,946,971,947,-1,947,971,972,-1,947,972,948,-1,948,972,973,-1,948,973,949,-1,949,973,950,-1,973,974,950,-1,950,974,975,-1,950,975,951,-1,951,975,976,-1,951,976,952,-1,952,976,977,-1,952,977,953,-1,953,977,978,-1,953,978,954,-1,954,978,979,-1,954,979,955,-1,955,979,980,-1,955,980,956,-1,956,980,981,-1,956,981,957,-1,957,981,982,-1,957,982,958,-1,958,982,983,-1,958,983,959,-1,959,983,984,-1,959,984,960,-1,960,984,985,-1,960,985,961,-1,961,985,986,-1,961,986,962,-1,962,986,987,-1,962,987,963,-1,963,987,988,-1,963,988,964,-1,964,988,989,-1,964,989,965,-1,965,989,990,-1,965,990,966,-1,966,990,991,-1,966,991,967,-1,967,991,992,-1,967,992,968,-1,968,992,993,-1,968,993,969,-1,969,993,994,-1,969,994,970,-1,970,994,995,-1,970,995,971,-1,971,995,996,-1,971,996,972,-1,972,996,997,-1,972,997,973,-1,973,997,974,-1,997,998,974,-1,974,998,999,-1,974,999,975,-1,975,999,1000,-1,975,1000,976,-1,976,1000,1001,-1,976,1001,977,-1,977,1001,1002,-1,977,1002,978,-1,978,1002,1003,-1,978,1003,979,-1,979,1003,1004,-1,979,1004,980,-1,980,1004,1005,-1,980,1005,981,-1,981,1005,1006,-1,981,1006,982,-1,982,1006,1007,-1,982,1007,983,-1,983,1007,1008,-1,983,1008,984,-1,984,1008,1009,-1,984,1009,985,-1,985,1009,1010,-1,985,1010,986,-1,986,1010,1011,-1,986,1011,987,-1,987,1011,1012,-1,987,1012,988,-1,988,1012,1013,-1,988,1013,989,-1,989,1013,1014,-1,989,1014,990,-1,990,1014,1015,-1,990,1015,991,-1,991,1015,1016,-1,991,1016,992,-1,992,1016,1017,-1,992,1017,993,-1,993,1017,1018,-1,993,1018,994,-1,994,1018,1019,-1,994,1019,995,-1,995,1019,1020,-1,995,1020,996,-1,996,1020,1021,-1,996,1021,997,-1,997,1021,998,-1,1021,694,998,-1,998,694,693,-1,998,693,999,-1,999,693,692,-1,999,692,1000,-1,1000,692,691,-1,1000,691,1001,-1,1001,691,690,-1,1001,690,1002,-1,1002,690,689,-1,1002,689,1003,-1,1003,689,688,-1,1003,688,1004,-1,1004,688,687,-1,1004,687,1005,-1,1005,687,686,-1,1005,686,1006,-1,1006,686,685,-1,1006,685,1007,-1,1007,685,684,-1,1007,684,1008,-1,1008,684,707,-1,1008,707,1009,-1,1009,707,706,-1,1009,706,1010,-1,1010,706,705,-1,1010,705,1011,-1,1011,705,704,-1,1011,704,1012,-1,1012,704,703,-1,1012,703,1013,-1,1013,703,702,-1,1013,702,1014,-1,1014,702,701,-1,1014,701,1015,-1,1015,701,700,-1,1015,700,1016,-1,1016,700,699,-1,1016,699,1017,-1,1017,699,698,-1,1017,698,1018,-1,1018,698,697,-1,1018,697,1019,-1,1019,697,696,-1,1019,696,1020,-1,1020,696,695,-1,1020,695,1021,-1,1021,695,694,-1,
        ]
    }
}
Shape{
    appearance Appearance {
        material  Material 	{
            diffuseColor 1.0 1.0 1.0
            specularColor 0.5019607843137255 0.5019607843137255 0.5019607843137255
            ambientIntensity 1.0
            transparency 0.0
            shininess 0.5
        }
    }
    geometry IndexedFaceSet {
        ccw TRUE
        solid FALSE
        coord DEF co Coordinate {
            point [
                1.5998 -0.0633 0.7353, 1.5998 -0.0633 0.7287, 1.5959 -0.0633 0.7353, 1.5959 -0.0633 0.7287, 1.5998 -0.0863 0.7353, 1.5959 -0.0863 0.7353, 1.5998 -0.0863 0.7865, 1.5959 -0.0863 0.7865, 1.5998 -0.0937 0.7865, 1.5959 -0.0937 0.7865, 1.5998 -0.0937 0.7287, 1.5959 -0.0937 0.7287, 1.5959 -0.0176 0.7311, 1.5998 -0.0176 0.7311, 1.5998 -0.0186 0.7306, 1.5998 -0.0336 0.7277, 1.5959 -0.0336 0.7277, 1.5959 -0.0248 0.7286, 1.5998 -0.0248 0.7286, 1.5959 -0.0201 0.7301, 1.5959 -0.0186 0.7306, 1.5998 -0.0176 0.7383, 1.5959 -0.0176 0.7383, 1.5998 -0.0224 0.736, 1.5959 -0.0201 0.7371, 1.5959 -0.0224 0.736, 1.5959 -0.0288 0.7346, 1.5998 -0.0288 0.7346, 1.5959 -0.0325 0.7344, 1.5998 -0.0325 0.7344, 1.5959 -0.0378 0.735, 1.5998 -0.0378 0.735, 1.5959 -0.042 0.7364, 1.5998 -0.042 0.7364, 1.5959 -0.0459 0.739, 1.5998 -0.0459 0.739, 1.5959 -0.0474 0.7405, 1.5998 -0.0474 0.7405, 1.5959 -0.0501 0.7443, 1.5998 -0.0501 0.7443, 1.5959 -0.052 0.7489, 1.5998 -0.052 0.7489, 1.5959 -0.053 0.7546, 1.5998 -0.053 0.7546, 1.5959 -0.0531 0.757, 1.5998 -0.0531 0.757, 1.5959 -0.0521 0.7649, 1.5998 -0.0521 0.7649, 1.5959 -0.0502 0.7699, 1.5998 -0.0502 0.7699, 1.5959 -0.0474 0.7739, 1.5998 -0.0474 0.7739, 1.5959 -0.047 0.7743, 1.5998 -0.047 0.7743, 1.5959 -0.0433 0.7775, 1.5998 -0.0433 0.7775, 1.5959 -0.0387 0.7796, 1.5998 -0.0387 0.7796, 1.5959 -0.0337 0.7806, 1.5998 -0.0337 0.7806, 1.5959 -0.0312 0.7807, 1.5998 -0.0312 0.7807, 1.5959 -0.0176 0.7773, 1.5998 -0.0176 0.7773, 1.5998 -0.0183 0.7777, 1.5959 -0.0241 0.7799, 1.5998 -0.0241 0.7799, 1.5959 -0.0201 0.7784, 1.5959 -0.0183 0.7777, 1.5998 -0.0176 0.7851, 1.5959 -0.0176 0.7851, 1.5959 -0.0201 0.7858, 1.5998 -0.0237 0.7869, 1.5959 -0.0313 0.7875, 1.5998 -0.0313 0.7875, 1.5959 -0.0251 0.787, 1.5959 -0.0237 0.7869, 1.5959 -0.0353 0.787, 1.5998 -0.0396 0.7865, 1.5959 -0.0396 0.7865, 1.5959 -0.0457 0.7841, 1.5998 -0.0457 0.7841, 1.5959 -0.0513 0.7802, 1.5998 -0.0513 0.7802, 1.5959 -0.0525 0.779, 1.5998 -0.0525 0.779, 1.5959 -0.0567 0.7735, 1.5959 -0.0583 0.7698, 1.5998 -0.0595 0.7671, 1.5998 -0.0567 0.7735, 1.5959 -0.0595 0.7671, 1.5959 -0.0608 0.7595, 1.5998 -0.0608 0.7595, 1.5959 -0.0609 0.7565, 1.5998 -0.0609 0.7565, 1.5959 -0.0598 0.7472, 1.5959 -0.0583 0.7434, 1.5998 -0.0574 0.7411, 1.5998 -0.0598 0.7472, 1.5959 -0.0574 0.7411, 1.5959 -0.054 0.7362, 1.5998 -0.054 0.7362, 1.5959 -0.0535 0.7356, 1.5998 -0.0535 0.7356, 1.5959 -0.0494 0.7322, 1.5998 -0.0494 0.7322, 1.5959 -0.0441 0.7294, 1.5998 -0.0441 0.7294, 1.5959 -0.038 0.728, 1.5998 -0.038 0.728, 1.5998 0.025 0.7353, 1.5998 0.025 0.7287, 1.5959 0.025 0.7353, 1.5959 0.025 0.7287, 1.5959 0.0014 0.7353, 1.5998 0.0014 0.7353, 1.5959 0.017 0.7353, 1.5998 0.0014 0.7547, 1.5959 0.0014 0.7547, 1.5998 0.0221 0.7547, 1.5959 0.017 0.7547, 1.5959 0.0221 0.7547, 1.5998 0.0221 0.7614, 1.5959 0.0221 0.7614, 1.5959 0.0014 0.7614, 1.5998 0.0014 0.7614, 1.5959 0.017 0.7614, 1.5998 0.0014 0.7799, 1.5959 0.0014 0.7799, 1.5998 0.0237 0.7799, 1.5959 0.017 0.7799, 1.5959 0.0237 0.7799, 1.5998 0.0237 0.7865, 1.5959 0.0237 0.7865, 1.5959 -0.0061 0.7865, 1.5998 -0.0061 0.7865, 1.5959 0.017 0.7865, 1.5998 -0.0061 0.7287, 1.5959 -0.0061 0.7287, 1.5959 0.017 0.7287, 1.5998 0.0718 0.7449, 1.5998 0.069 0.7413, 1.5998 0.0743 0.7368, 1.5998 0.0683 0.7407, 1.5998 0.0682 0.7325, 1.5998 0.0645 0.7381, 1.5998 0.0616 0.7299, 1.5998 0.0598 0.7362, 1.5998 0.0518 0.7287, 1.5998 0.0518 0.7353, 1.5998 0.0359 0.7287, 1.5998 0.0434 0.7353, 1.5998 0.0359 0.7865, 1.5998 0.0434 0.7799, 1.5998 0.0524 0.7865, 1.5998 0.0521 0.7799, 1.5998 0.0613 0.7855, 1.5998 0.0599 0.779, 1.5998 0.0682 0.783, 1.5998 0.0649 0.7771, 1.5998 0.0743 0.7789, 1.5998 0.0688 0.7744, 1.5998 0.0763 0.7768, 1.5998 0.0705 0.7728, 1.5998 0.0799 0.7718, 1.5998 0.0727 0.7696, 1.5998 0.082 0.7663, 1.5998 0.0743 0.7653, 1.5998 0.083 0.7584, 1.5998 0.0752 0.7581, 1.5998 0.0828 0.7547, 1.5998 0.075 0.7544, 1.5998 0.0814 0.7479, 1.5998 0.0738 0.7492, 1.5998 0.0786 0.7419, 1.5959 0.0518 0.7287, 1.5959 0.0359 0.7287, 1.5959 0.0616 0.7299, 1.5959 0.0682 0.7325, 1.5959 0.0743 0.7368, 1.5959 0.0786 0.7419, 1.5959 0.0814 0.7479, 1.5959 0.0828 0.7547, 1.5959 0.083 0.7584, 1.5959 0.082 0.7663, 1.5959 0.0799 0.7718, 1.5959 0.0763 0.7768, 1.5959 0.0743 0.7789, 1.5959 0.0682 0.783, 1.5959 0.0613 0.7855, 1.5959 0.0524 0.7865, 1.5959 0.0359 0.7865, 1.5959 0.0521 0.7799, 1.5959 0.0434 0.7799, 1.5959 0.0434 0.7353, 1.5959 0.0518 0.7353, 1.5959 0.069 0.7413, 1.5959 0.0683 0.7407, 1.5959 0.0645 0.7381, 1.5959 0.0598 0.7362, 1.5959 0.0752 0.7581, 1.5959 0.075 0.7544, 1.5959 0.0738 0.7492, 1.5959 0.0718 0.7449, 1.5959 0.0688 0.7744, 1.5959 0.0705 0.7728, 1.5959 0.0727 0.7696, 1.5959 0.0743 0.7653, 1.5959 0.0599 0.779, 1.5959 0.0649 0.7771
            ]
        }
        coordIndex [
            0,1,2,-1,2,1,3,-1,4,0,5,-1,5,0,2,-1,6,4,7,-1,7,4,5,-1,8,6,9,-1,9,6,7,-1,10,8,11,-1,11,8,9,-1,1,10,3,-1,3,10,11,-1,6,8,4,-1,4,8,10,-1,4,10,0,-1,0,10,1,-1,12,13,14,-1,15,16,17,-1,15,17,18,-1,18,17,19,-1,18,19,14,-1,14,19,20,-1,14,20,12,-1,21,13,22,-1,22,13,12,-1,21,22,23,-1,23,22,24,-1,24,25,23,-1,23,25,26,-1,23,26,27,-1,27,26,28,-1,27,28,29,-1,29,28,30,-1,29,30,31,-1,31,30,32,-1,31,32,33,-1,33,32,34,-1,33,34,35,-1,35,34,36,-1,35,36,37,-1,37,36,38,-1,37,38,39,-1,39,38,40,-1,39,40,41,-1,41,40,42,-1,41,42,43,-1,43,42,44,-1,43,44,45,-1,45,44,46,-1,45,46,47,-1,47,46,48,-1,47,48,49,-1,49,48,50,-1,49,50,51,-1,51,50,52,-1,51,52,53,-1,53,52,54,-1,53,54,55,-1,55,54,56,-1,55,56,57,-1,57,56,58,-1,57,58,59,-1,59,58,60,-1,59,60,61,-1,62,63,64,-1,61,60,65,-1,61,65,66,-1,66,65,67,-1,66,67,64,-1,64,67,68,-1,64,68,62,-1,69,63,70,-1,70,63,62,-1,69,70,71,-1,69,71,72,-1,73,74,75,-1,75,74,72,-1,75,72,76,-1,76,72,71,-1,74,73,77,-1,74,77,78,-1,77,79,78,-1,78,79,80,-1,78,80,81,-1,81,80,82,-1,81,82,83,-1,83,82,84,-1,83,84,85,-1,85,84,86,-1,87,88,86,-1,86,88,89,-1,86,89,85,-1,87,90,88,-1,88,90,91,-1,88,91,92,-1,92,91,93,-1,92,93,94,-1,94,93,95,-1,96,97,95,-1,95,97,98,-1,95,98,94,-1,96,99,97,-1,97,99,100,-1,97,100,101,-1,101,100,102,-1,101,102,103,-1,103,102,104,-1,103,104,105,-1,105,104,106,-1,105,106,107,-1,107,106,108,-1,107,108,109,-1,109,108,16,-1,109,16,15,-1,47,49,89,-1,55,57,78,-1,89,49,85,-1,78,57,74,-1,78,81,55,-1,55,81,83,-1,55,83,53,-1,53,83,85,-1,53,85,51,-1,51,85,49,-1,57,59,74,-1,74,59,61,-1,74,61,72,-1,72,61,66,-1,72,66,69,-1,69,66,64,-1,69,64,63,-1,94,45,92,-1,92,45,47,-1,92,47,88,-1,88,47,89,-1,13,21,14,-1,14,21,23,-1,14,23,18,-1,18,23,27,-1,18,27,15,-1,15,27,29,-1,15,29,109,-1,109,29,31,-1,109,31,107,-1,107,31,33,-1,107,33,105,-1,105,33,35,-1,105,35,103,-1,103,35,37,-1,103,37,101,-1,101,37,39,-1,101,39,97,-1,97,39,98,-1,98,39,41,-1,98,41,94,-1,94,41,43,-1,94,43,45,-1,110,111,112,-1,112,111,113,-1,114,115,116,-1,116,115,110,-1,116,110,112,-1,117,115,118,-1,118,115,114,-1,117,118,119,-1,119,118,120,-1,119,120,121,-1,122,119,123,-1,123,119,121,-1,124,125,126,-1,126,125,122,-1,126,122,123,-1,127,125,128,-1,128,125,124,-1,127,128,129,-1,129,128,130,-1,129,130,131,-1,132,129,133,-1,133,129,131,-1,134,135,136,-1,136,135,132,-1,136,132,133,-1,137,135,138,-1,138,135,134,-1,137,138,111,-1,111,138,139,-1,111,139,113,-1,137,111,110,-1,110,115,137,-1,137,115,117,-1,137,117,135,-1,129,132,127,-1,127,132,135,-1,127,135,125,-1,125,135,117,-1,125,117,122,-1,122,117,119,-1,140,141,142,-1,142,141,143,-1,142,143,144,-1,144,143,145,-1,144,145,146,-1,146,145,147,-1,146,147,148,-1,148,147,149,-1,148,149,150,-1,150,149,151,-1,150,151,152,-1,152,151,153,-1,152,153,154,-1,154,153,155,-1,154,155,156,-1,156,155,157,-1,156,157,158,-1,158,157,159,-1,158,159,160,-1,160,159,161,-1,160,161,162,-1,162,161,163,-1,162,163,164,-1,164,163,165,-1,164,165,166,-1,166,165,167,-1,166,167,168,-1,168,167,169,-1,168,169,170,-1,170,169,171,-1,170,171,172,-1,172,171,173,-1,172,173,174,-1,174,173,140,-1,174,140,142,-1,148,150,175,-1,175,150,176,-1,148,175,177,-1,148,177,146,-1,146,177,178,-1,146,178,144,-1,144,178,179,-1,144,179,142,-1,142,179,180,-1,142,180,174,-1,174,180,181,-1,174,181,172,-1,172,181,182,-1,172,182,170,-1,170,182,183,-1,170,183,168,-1,168,183,184,-1,168,184,166,-1,166,184,185,-1,166,185,164,-1,164,185,186,-1,164,186,162,-1,162,186,187,-1,162,187,160,-1,160,187,188,-1,160,188,158,-1,158,188,189,-1,158,189,156,-1,156,189,190,-1,156,190,154,-1,152,154,191,-1,191,154,190,-1,150,152,176,-1,176,152,191,-1,155,153,192,-1,192,153,193,-1,153,151,193,-1,193,151,194,-1,151,149,194,-1,194,149,195,-1,141,196,197,-1,141,197,143,-1,143,197,198,-1,143,198,145,-1,145,198,199,-1,145,199,147,-1,147,199,195,-1,147,195,149,-1,169,200,201,-1,169,201,171,-1,171,201,202,-1,171,202,173,-1,173,202,203,-1,173,203,140,-1,140,203,196,-1,140,196,141,-1,161,204,205,-1,161,205,163,-1,163,205,206,-1,163,206,165,-1,165,206,207,-1,165,207,167,-1,167,207,200,-1,167,200,169,-1,155,192,208,-1,155,208,157,-1,157,208,209,-1,157,209,159,-1,159,209,204,-1,159,204,161,-1,
        ]
    }
}
Shape{
    appearance Appearance {
        material  Material 	{
            diffuseColor 0.25098039215686274 0.25098039215686274 0.25098039215686274
            specularColor 0.2196078431372549 0.2196078431372549 0.2196078431372549
            ambientIntensity 0.251
            transparency 0.0
            shininess 0.5
        }
    }
    geometry IndexedFaceSet {
        ccw TRUE
        solid FALSE
        coord DEF co Coordinate {
            point [
                1.5959 0.0434 0.7799, 1.5959 0.0434 0.7353, 1.5959 0.0521 0.7799, 1.5959 0.0518 0.7353, 1.5959 0.0598 0.7362, 1.5959 0.0645 0.7381, 1.5959 0.0683 0.7407, 1.5959 0.069 0.7413, 1.5959 0.0718 0.7449, 1.5959 0.0738 0.7492, 1.5959 0.0752 0.7581, 1.5959 0.0688 0.7744, 1.5959 0.0649 0.7771, 1.5959 0.0743 0.7653, 1.5959 0.0727 0.7696, 1.5959 0.0705 0.7728, 1.5959 0.075 0.7544, 1.5959 0.0599 0.779
            ]
        }
        coordIndex [
            0,1,2,-1,2,1,3,-1,3,4,2,-1,2,4,5,-1,2,5,6,-1,6,7,2,-1,2,7,8,-1,2,8,9,-1,10,11,12,-1,13,14,10,-1,10,14,15,-1,10,15,11,-1,9,16,2,-1,2,16,10,-1,2,10,17,-1,17,10,12,-1,
        ]
    }
}
Shape{
    appearance Appearance {
        material  Material 	{
            diffuseColor 1.0 1.0 1.0
            specularColor 0.5019607843137255 0.5019607843137255 0.5019607843137255
            ambientIntensity 1.0
            transparency 0.0
            shininess 0.5
        }
    }
    geometry IndexedFaceSet {
        ccw TRUE
        solid FALSE
        coord DEF co Coordinate {
            point [
                1.5998 0.1024 0.7511, 1.5998 0.1 0.7445, 1.5998 0.1218 0.7511, 1.5998 0.1241 0.7445, 1.5998 0.111 0.7751, 1.5998 0.1082 0.7865, 1.5998 0.0862 0.7287, 1.5998 0.0945 0.7287, 1.5998 0.1115 0.7768, 1.5998 0.112 0.7791, 1.5998 0.1162 0.7865, 1.5998 0.1121 0.7791, 1.5998 0.1126 0.7767, 1.5998 0.113 0.7751, 1.5998 0.1382 0.7287, 1.5998 0.13 0.7287, 1.5959 0.1162 0.7865, 1.5959 0.1382 0.7287, 1.5959 0.1082 0.7865, 1.5959 0.0862 0.7287, 1.5959 0.1029 0.7724, 1.5959 0.0945 0.7287, 1.5959 0.1 0.7445, 1.5959 0.1241 0.7445, 1.5959 0.1029 0.7445, 1.5959 0.13 0.7287, 1.5959 0.1024 0.7511, 1.5959 0.1218 0.7511, 1.5959 0.113 0.7751, 1.5959 0.1121 0.7791, 1.5959 0.1126 0.7767, 1.5959 0.112 0.7791, 1.5959 0.111 0.7751, 1.5959 0.1115 0.7768
            ]
        }
        coordIndex [
            0,1,2,-1,2,1,3,-1,4,5,0,-1,0,5,6,-1,0,6,1,-1,1,6,7,-1,4,8,5,-1,5,8,9,-1,5,9,10,-1,10,9,11,-1,10,11,12,-1,12,13,10,-1,10,13,2,-1,10,2,14,-1,14,2,3,-1,14,3,15,-1,10,14,16,-1,16,14,17,-1,5,10,18,-1,18,10,16,-1,19,6,20,-1,20,6,5,-1,20,5,18,-1,7,6,21,-1,21,6,19,-1,1,7,22,-1,22,7,21,-1,23,3,24,-1,24,3,1,-1,24,1,22,-1,15,3,25,-1,25,3,23,-1,14,15,17,-1,17,15,25,-1,0,2,26,-1,26,2,27,-1,2,13,27,-1,27,13,28,-1,11,29,30,-1,11,30,12,-1,12,30,28,-1,12,28,13,-1,11,9,29,-1,29,9,31,-1,4,32,33,-1,4,33,8,-1,8,33,31,-1,8,31,9,-1,4,0,32,-1,32,0,26,-1,
        ]
    }
}
Shape{
    appearance Appearance {
        material  Material 	{
            diffuseColor 0.25098039215686274 0.25098039215686274 0.25098039215686274
            specularColor 0.2196078431372549 0.2196078431372549 0.2196078431372549
            ambientIntensity 0.251
            transparency 0.0
            shininess 0.5
        }
    }
    geometry IndexedFaceSet {
        ccw TRUE
        solid FALSE
        coord DEF co Coordinate {
            point [
                1.5959 0.1121 0.7791, 1.5959 0.112 0.7791, 1.5959 0.1126 0.7767, 1.5959 0.1115 0.7768, 1.5959 0.113 0.7751, 1.5959 0.111 0.7751, 1.5959 0.1218 0.7511, 1.5959 0.1024 0.7511
            ]
        }
        coordIndex [
            0,1,2,-1,2,1,3,-1,2,3,4,-1,4,3,5,-1,4,5,6,-1,6,5,7,-1,
        ]
    }
}
Shape{
    appearance Appearance {
        material  Material 	{
            diffuseColor 1.0 1.0 1.0
            specularColor 0.5019607843137255 0.5019607843137255 0.5019607843137255
            ambientIntensity 1.0
            transparency 0.0
            shininess 0.5
        }
    }
    geometry IndexedFaceSet {
        ccw TRUE
        solid FALSE
        coord DEF co Coordinate {
            point [
                1.5998 -0.0626 0.6436, 1.5998 -0.0626 0.637, 1.5959 -0.0626 0.6436, 1.5959 -0.0626 0.637, 1.5998 -0.0863 0.6436, 1.5959 -0.0863 0.6436, 1.5998 -0.0863 0.6631, 1.5959 -0.0863 0.6631, 1.5998 -0.0656 0.6631, 1.5959 -0.0656 0.6631, 1.5998 -0.0656 0.6697, 1.5959 -0.0656 0.6697, 1.5998 -0.0863 0.6697, 1.5959 -0.0863 0.6697, 1.5998 -0.0863 0.6882, 1.5959 -0.0863 0.6882, 1.5998 -0.064 0.6882, 1.5959 -0.064 0.6882, 1.5998 -0.064 0.6948, 1.5959 -0.064 0.6948, 1.5998 -0.0937 0.6948, 1.5959 -0.0937 0.6948, 1.5998 -0.0937 0.637, 1.5959 -0.0937 0.637, 1.5998 -0.0298 0.637, 1.5998 -0.0226 0.637, 1.5998 -0.0298 0.6434, 1.5998 -0.0226 0.6636, 1.5998 -0.0298 0.6633, 1.5998 -0.0455 0.6546, 1.5998 -0.0439 0.6554, 1.5998 -0.03 0.6434, 1.5998 -0.0338 0.6445, 1.5998 -0.0311 0.6417, 1.5998 -0.0358 0.6431, 1.5998 -0.0395 0.6564, 1.5998 -0.0298 0.6577, 1.5998 -0.0298 0.6538, 1.5998 -0.0298 0.6533, 1.5998 -0.0303 0.6501, 1.5998 -0.0313 0.6475, 1.5998 -0.0329 0.6454, 1.5998 -0.03 0.6665, 1.5998 -0.0231 0.6691, 1.5998 -0.0308 0.669, 1.5998 -0.0243 0.6724, 1.5998 -0.0316 0.6705, 1.5998 -0.0257 0.6747, 1.5998 -0.0327 0.6717, 1.5998 -0.0277 0.6766, 1.5998 -0.034 0.6725, 1.5998 -0.0301 0.6779, 1.5998 -0.0357 0.6731, 1.5998 -0.0332 0.6789, 1.5998 -0.0382 0.6734, 1.5998 -0.0375 0.6793, 1.5998 -0.0427 0.6729, 1.5998 -0.0448 0.6784, 1.5998 -0.0472 0.6713, 1.5998 -0.0502 0.6763, 1.5998 -0.0517 0.6684, 1.5998 -0.0517 0.6754, 1.5998 -0.0469 0.6445, 1.5998 -0.0522 0.6393, 1.5998 -0.0463 0.6439, 1.5998 -0.0497 0.6376, 1.5998 -0.0448 0.6429, 1.5998 -0.047 0.6366, 1.5998 -0.0432 0.6423, 1.5998 -0.0426 0.6361, 1.5998 -0.0408 0.642, 1.5998 -0.0389 0.6365, 1.5998 -0.038 0.6423, 1.5998 -0.0359 0.6375, 1.5998 -0.0334 0.6392, 1.5998 -0.0483 0.6498, 1.5998 -0.0557 0.649, 1.5998 -0.0484 0.6487, 1.5998 -0.0557 0.6481, 1.5998 -0.0482 0.647, 1.5998 -0.0554 0.6448, 1.5998 -0.0477 0.6457, 1.5998 -0.0545 0.6423, 1.5998 -0.053 0.6401, 1.5998 -0.042 0.6616, 1.5998 -0.0475 0.6602, 1.5998 -0.0465 0.6539, 1.5998 -0.0506 0.6586, 1.5998 -0.0473 0.6528, 1.5998 -0.0528 0.6567, 1.5998 -0.048 0.6515, 1.5998 -0.0542 0.6547, 1.5998 -0.0552 0.6521, 1.5959 -0.0375 0.6793, 1.5959 -0.0448 0.6784, 1.5959 -0.0502 0.6763, 1.5959 -0.0517 0.6754, 1.5959 -0.0517 0.6684, 1.5959 -0.0472 0.6713, 1.5959 -0.0427 0.6729, 1.5959 -0.0382 0.6734, 1.5959 -0.0357 0.6731, 1.5959 -0.034 0.6725, 1.5959 -0.0327 0.6717, 1.5959 -0.0316 0.6705, 1.5959 -0.0308 0.669, 1.5959 -0.03 0.6665, 1.5959 -0.0298 0.6633, 1.5959 -0.042 0.6616, 1.5959 -0.0475 0.6602, 1.5959 -0.0506 0.6586, 1.5959 -0.0528 0.6567, 1.5959 -0.0542 0.6547, 1.5959 -0.0552 0.6521, 1.5959 -0.0557 0.649, 1.5959 -0.0557 0.6481, 1.5959 -0.0554 0.6448, 1.5959 -0.0545 0.6423, 1.5959 -0.053 0.6401, 1.5959 -0.0522 0.6393, 1.5959 -0.0426 0.6361, 1.5959 -0.0468 0.6365, 1.5959 -0.047 0.6366, 1.5959 -0.0497 0.6376, 1.5959 -0.0389 0.6365, 1.5959 -0.0387 0.6365, 1.5959 -0.0359 0.6375, 1.5959 -0.0334 0.6392, 1.5959 -0.0311 0.6417, 1.5959 -0.03 0.6434, 1.5959 -0.0298 0.6434, 1.5959 -0.0298 0.637, 1.5959 -0.0226 0.637, 1.5959 -0.0226 0.6636, 1.5959 -0.0231 0.6691, 1.5959 -0.0243 0.6724, 1.5959 -0.0257 0.6747, 1.5959 -0.0277 0.6766, 1.5959 -0.0301 0.6779, 1.5959 -0.0332 0.6789, 1.5959 -0.0465 0.6539, 1.5959 -0.0455 0.6546, 1.5959 -0.0439 0.6554, 1.5959 -0.0395 0.6564, 1.5959 -0.0484 0.6487, 1.5959 -0.0483 0.6498, 1.5959 -0.048 0.6515, 1.5959 -0.0473 0.6528, 1.5959 -0.0463 0.6439, 1.5959 -0.0469 0.6445, 1.5959 -0.0477 0.6457, 1.5959 -0.0482 0.647, 1.5959 -0.0408 0.642, 1.5959 -0.0432 0.6423, 1.5959 -0.0448 0.6429, 1.5959 -0.0329 0.6454, 1.5959 -0.0338 0.6445, 1.5959 -0.0358 0.6431, 1.5959 -0.038 0.6423, 1.5959 -0.0298 0.6538, 1.5959 -0.0298 0.6533, 1.5959 -0.0303 0.6501, 1.5959 -0.0313 0.6475, 1.5959 -0.0298 0.6577
            ]
        }
        coordIndex [
            0,1,2,-1,2,1,3,-1,4,0,5,-1,5,0,2,-1,6,4,7,-1,7,4,5,-1,8,6,9,-1,9,6,7,-1,10,8,11,-1,11,8,9,-1,12,10,13,-1,13,10,11,-1,14,12,15,-1,15,12,13,-1,16,14,17,-1,17,14,15,-1,18,16,19,-1,19,16,17,-1,20,18,21,-1,21,18,19,-1,22,20,23,-1,23,20,21,-1,1,22,3,-1,3,22,23,-1,22,1,0,-1,0,4,22,-1,22,4,6,-1,22,6,20,-1,16,18,14,-1,14,18,20,-1,14,20,12,-1,12,20,6,-1,12,6,10,-1,10,6,8,-1,24,25,26,-1,26,25,27,-1,28,29,30,-1,31,32,33,-1,33,32,34,-1,35,36,27,-1,27,36,37,-1,37,38,27,-1,27,38,39,-1,27,39,26,-1,26,39,40,-1,26,40,31,-1,31,40,41,-1,31,41,32,-1,30,35,28,-1,28,35,27,-1,28,27,42,-1,42,27,43,-1,42,43,44,-1,44,43,45,-1,44,45,46,-1,46,45,47,-1,46,47,48,-1,48,47,49,-1,48,49,50,-1,50,49,51,-1,50,51,52,-1,52,51,53,-1,52,53,54,-1,54,53,55,-1,54,55,56,-1,56,55,57,-1,56,57,58,-1,58,57,59,-1,58,59,60,-1,60,59,61,-1,62,63,64,-1,64,63,65,-1,64,65,66,-1,66,65,67,-1,66,67,68,-1,68,67,69,-1,68,69,70,-1,70,69,71,-1,70,71,72,-1,72,71,73,-1,72,73,34,-1,34,73,74,-1,34,74,33,-1,75,76,77,-1,77,76,78,-1,77,78,79,-1,79,78,80,-1,79,80,81,-1,81,80,82,-1,81,82,62,-1,62,82,83,-1,62,83,63,-1,28,84,29,-1,29,84,85,-1,29,85,86,-1,86,85,87,-1,86,87,88,-1,88,87,89,-1,88,89,90,-1,90,89,91,-1,90,91,75,-1,75,91,92,-1,75,92,76,-1,55,93,94,-1,55,94,57,-1,57,94,95,-1,57,95,59,-1,59,95,96,-1,59,96,61,-1,60,61,97,-1,97,61,96,-1,60,97,98,-1,60,98,58,-1,58,98,99,-1,58,99,56,-1,56,99,100,-1,56,100,54,-1,54,100,101,-1,54,101,52,-1,52,101,102,-1,52,102,50,-1,50,102,103,-1,50,103,48,-1,48,103,104,-1,48,104,46,-1,46,104,105,-1,46,105,44,-1,44,105,106,-1,44,106,42,-1,42,106,107,-1,42,107,28,-1,84,28,108,-1,108,28,107,-1,84,108,109,-1,84,109,85,-1,85,109,110,-1,85,110,87,-1,87,110,111,-1,87,111,89,-1,89,111,112,-1,89,112,91,-1,91,112,113,-1,91,113,92,-1,92,113,114,-1,92,114,76,-1,76,114,115,-1,76,115,78,-1,78,115,116,-1,78,116,80,-1,80,116,117,-1,80,117,82,-1,82,117,118,-1,82,118,83,-1,83,118,119,-1,83,119,63,-1,120,69,121,-1,121,69,67,-1,121,67,122,-1,122,67,65,-1,122,65,123,-1,123,65,63,-1,123,63,119,-1,69,120,124,-1,69,124,71,-1,71,124,125,-1,71,125,73,-1,125,126,73,-1,73,126,127,-1,73,127,74,-1,74,127,128,-1,74,128,33,-1,33,128,129,-1,33,129,31,-1,26,31,130,-1,130,31,129,-1,24,26,131,-1,131,26,130,-1,25,24,132,-1,132,24,131,-1,27,25,133,-1,133,25,132,-1,27,133,134,-1,27,134,43,-1,43,134,135,-1,43,135,45,-1,45,135,136,-1,45,136,47,-1,47,136,137,-1,47,137,49,-1,49,137,138,-1,49,138,51,-1,51,138,139,-1,51,139,53,-1,53,139,93,-1,53,93,55,-1,86,140,141,-1,86,141,29,-1,29,141,142,-1,29,142,30,-1,30,142,143,-1,30,143,35,-1,77,144,145,-1,77,145,75,-1,75,145,146,-1,75,146,90,-1,90,146,147,-1,90,147,88,-1,88,147,140,-1,88,140,86,-1,64,148,149,-1,64,149,62,-1,62,149,150,-1,62,150,81,-1,81,150,151,-1,81,151,79,-1,79,151,144,-1,79,144,77,-1,70,152,153,-1,70,153,68,-1,68,153,154,-1,68,154,66,-1,66,154,148,-1,66,148,64,-1,41,155,156,-1,41,156,32,-1,32,156,157,-1,32,157,34,-1,34,157,158,-1,34,158,72,-1,72,158,152,-1,72,152,70,-1,37,159,160,-1,37,160,38,-1,38,160,161,-1,38,161,39,-1,39,161,162,-1,39,162,40,-1,40,162,155,-1,40,155,41,-1,37,36,159,-1,159,36,163,-1,36,35,163,-1,163,35,143,-1,
        ]
    }
}
Shape{
    appearance Appearance {
        material  Material 	{
            diffuseColor 0.25098039215686274 0.25098039215686274 0.25098039215686274
            specularColor 0.2196078431372549 0.2196078431372549 0.2196078431372549
            ambientIntensity 0.251
            transparency 0.0
            shininess 0.5
        }
    }
    geometry IndexedFaceSet {
        ccw TRUE
        solid FALSE
        coord DEF co Coordinate {
            point [
                1.5959 -0.0298 0.6533, 1.5959 -0.0298 0.6538, 1.5959 -0.0465 0.6539, 1.5959 -0.0298 0.6577, 1.5959 -0.0395 0.6564, 1.5959 -0.0439 0.6554, 1.5959 -0.0455 0.6546, 1.5959 -0.0303 0.6501, 1.5959 -0.0473 0.6528, 1.5959 -0.0313 0.6475, 1.5959 -0.0469 0.6445, 1.5959 -0.0463 0.6439, 1.5959 -0.0338 0.6445, 1.5959 -0.0477 0.6457, 1.5959 -0.0358 0.6431, 1.5959 -0.038 0.6423, 1.5959 -0.0408 0.642, 1.5959 -0.048 0.6515, 1.5959 -0.0483 0.6498, 1.5959 -0.0329 0.6454, 1.5959 -0.0484 0.6487, 1.5959 -0.0482 0.647, 1.5959 -0.0448 0.6429, 1.5959 -0.0432 0.6423
            ]
        }
        coordIndex [
            0,1,2,-1,1,3,4,-1,4,5,1,-1,1,5,6,-1,1,6,2,-1,0,2,7,-1,7,2,8,-1,7,8,9,-1,10,11,12,-1,10,12,13,-1,14,12,15,-1,15,12,16,-1,8,17,9,-1,9,17,18,-1,9,18,19,-1,19,18,20,-1,19,20,12,-1,12,20,21,-1,12,21,13,-1,11,22,12,-1,12,22,23,-1,12,23,16,-1,
        ]
    }
}
Shape{
    appearance Appearance {
        material  Material 	{
            diffuseColor 1.0 1.0 1.0
            specularColor 0.5019607843137255 0.5019607843137255 0.5019607843137255
            ambientIntensity 1.0
            transparency 0.0
            shininess 0.5
        }
    }
    geometry IndexedFaceSet {
        ccw TRUE
        solid FALSE
        coord DEF co Coordinate {
            point [
                1.5959 -0.0127 0.646, 1.5998 -0.0127 0.646, 1.5998 -0.01 0.6443, 1.5998 -0.0008 0.642, 1.5959 -0.0008 0.642, 1.5959 -0.0055 0.6425, 1.5998 -0.0055 0.6425, 1.5959 -0.0094 0.644, 1.5959 -0.01 0.6443, 1.5998 -0.0127 0.6385, 1.5959 -0.0127 0.6385, 1.5959 -0.0094 0.6373, 1.5998 -0.0081 0.6368, 1.5959 -0.0015 0.6361, 1.5998 -0.0015 0.6361, 1.5959 -0.0059 0.6365, 1.5959 -0.0081 0.6368, 1.5959 0.0033 0.6365, 1.5998 0.0041 0.6366, 1.5959 0.0041 0.6366, 1.5959 0.0082 0.638, 1.5998 0.0082 0.638, 1.5959 0.0105 0.6393, 1.5998 0.0105 0.6393, 1.5959 0.0126 0.6411, 1.5998 0.0126 0.6411, 1.5959 0.0139 0.6431, 1.5998 0.0139 0.6431, 1.5959 0.0148 0.6454, 1.5998 0.0148 0.6454, 1.5959 0.0151 0.6483, 1.5998 0.0151 0.6483, 1.5959 0.0148 0.651, 1.5998 0.0148 0.651, 1.5959 0.0141 0.6531, 1.5998 0.0141 0.6531, 1.5959 0.0127 0.6551, 1.5998 0.0127 0.6551, 1.5959 0.011 0.6566, 1.5998 0.011 0.6566, 1.5959 0.0062 0.6593, 1.5998 0.0062 0.6593, 1.5959 0.0034 0.6604, 1.5998 0.0034 0.6604, 1.5959 -0.0011 0.6624, 1.5998 -0.0011 0.6624, 1.5959 -0.0037 0.664, 1.5998 -0.0037 0.664, 1.5959 -0.0044 0.6648, 1.5998 -0.0044 0.6648, 1.5959 -0.0049 0.6657, 1.5998 -0.0049 0.6657, 1.5959 -0.0052 0.6669, 1.5998 -0.0052 0.6669, 1.5959 -0.0052 0.6678, 1.5998 -0.0052 0.6678, 1.5959 -0.0051 0.669, 1.5998 -0.0051 0.669, 1.5959 -0.0048 0.67, 1.5998 -0.0048 0.67, 1.5959 -0.0041 0.6709, 1.5998 -0.0041 0.6709, 1.5959 -0.003 0.6718, 1.5998 -0.003 0.6718, 1.5959 -0.0014 0.6727, 1.5998 -0.0014 0.6727, 1.5959 0.0005 0.6732, 1.5998 0.0005 0.6732, 1.5959 0.0027 0.6734, 1.5998 0.0027 0.6734, 1.5959 0.0075 0.6728, 1.5998 0.0075 0.6728, 1.5959 0.0116 0.6713, 1.5998 0.0116 0.6713, 1.5959 0.0132 0.6704, 1.5998 0.0132 0.6704, 1.5998 0.0132 0.6774, 1.5959 0.0132 0.6774, 1.5959 0.0082 0.6788, 1.5998 0.0082 0.6788, 1.5959 0.0034 0.6793, 1.5998 0.0034 0.6793, 1.5959 -0.0019 0.6787, 1.5998 -0.0019 0.6787, 1.5959 -0.0059 0.6773, 1.5998 -0.0059 0.6773, 1.5959 -0.0081 0.676, 1.5998 -0.0081 0.676, 1.5959 -0.0094 0.6748, 1.5998 -0.0102 0.674, 1.5959 -0.0102 0.674, 1.5959 -0.0116 0.6721, 1.5998 -0.0116 0.6721, 1.5959 -0.0124 0.6698, 1.5998 -0.0124 0.6698, 1.5959 -0.0127 0.6672, 1.5998 -0.0127 0.6672, 1.5959 -0.0124 0.6644, 1.5998 -0.0124 0.6644, 1.5959 -0.0116 0.6621, 1.5998 -0.0116 0.6621, 1.5959 -0.0106 0.6606, 1.5998 -0.0106 0.6606, 1.5959 -0.0017 0.6552, 1.5998 -0.0017 0.6552, 1.5998 -0.0061 0.6572, 1.5959 -0.0095 0.6594, 1.5998 -0.0095 0.6594, 1.5959 -0.0094 0.6594, 1.5959 -0.0061 0.6572, 1.5959 0.003 0.6532, 1.5998 0.003 0.6532, 1.5959 0.0058 0.6515, 1.5998 0.0058 0.6515, 1.5959 0.0067 0.6505, 1.5998 0.0067 0.6505, 1.5959 0.0073 0.6496, 1.5998 0.0073 0.6496, 1.5959 0.0076 0.6485, 1.5998 0.0076 0.6485, 1.5959 0.0077 0.6476, 1.5998 0.0077 0.6476, 1.5959 0.0076 0.6462, 1.5998 0.0076 0.6462, 1.5959 0.0072 0.6451, 1.5998 0.0072 0.6451, 1.5959 0.0066 0.6442, 1.5998 0.0066 0.6442, 1.5959 0.0057 0.6435, 1.5998 0.0057 0.6435, 1.5959 0.0051 0.6431, 1.5998 0.0051 0.6431, 1.5959 0.0032 0.6424, 1.5998 0.0032 0.6424, 1.5959 -0.0005 0.642, 1.5998 -0.0005 0.642, 1.5998 0.051 0.6783, 1.5998 0.0585 0.6783, 1.5959 0.051 0.6783, 1.5959 0.0585 0.6783, 1.5998 0.0397 0.6472, 1.5959 0.0397 0.6472, 1.5959 0.0392 0.6453, 1.5998 0.0392 0.6453, 1.5959 0.0389 0.6439, 1.5998 0.0389 0.6439, 1.5998 0.0387 0.6439, 1.5959 0.0387 0.6439, 1.5998 0.0378 0.6473, 1.5959 0.0378 0.6473, 1.5998 0.027 0.6783, 1.5959 0.0305 0.6683, 1.5959 0.027 0.6783, 1.5998 0.0189 0.6783, 1.5959 0.0189 0.6783, 1.5959 0.0351 0.6371, 1.5998 0.0351 0.6371, 1.5959 0.0305 0.6488, 1.5959 0.0319 0.6296, 1.5998 0.0319 0.6296, 1.5959 0.0348 0.6365, 1.5959 0.0305 0.627, 1.5998 0.0305 0.627, 1.5959 0.0291 0.6255, 1.5998 0.0291 0.6255, 1.5959 0.0279 0.6246, 1.5998 0.0279 0.6246, 1.5959 0.0263 0.624, 1.5998 0.0263 0.624, 1.5959 0.0245 0.6238, 1.5998 0.0245 0.6238, 1.5959 0.0219 0.6241, 1.5998 0.0219 0.6241, 1.5959 0.0204 0.6246, 1.5998 0.0204 0.6246, 1.5998 0.0204 0.6182, 1.5959 0.0204 0.6182, 1.5959 0.0235 0.6176, 1.5998 0.0235 0.6176, 1.5959 0.0251 0.6176, 1.5998 0.0251 0.6176, 1.5959 0.028 0.6179, 1.5998 0.028 0.6179, 1.5959 0.0305 0.6189, 1.5998 0.0308 0.619, 1.5959 0.0308 0.619, 1.5959 0.0334 0.6208, 1.5998 0.0334 0.6208, 1.5959 0.0339 0.6212, 1.5998 0.0339 0.6212, 1.5959 0.0365 0.6244, 1.5998 0.0365 0.6244, 1.5959 0.0398 0.6308, 1.5998 0.0398 0.6308, 1.5959 0.0421 0.6365, 1.5998 0.0974 0.6436, 1.5998 0.0974 0.637, 1.5959 0.0974 0.6436, 1.5959 0.0974 0.637, 1.5998 0.0738 0.6436, 1.5959 0.0846 0.6436, 1.5959 0.0738 0.6436, 1.5998 0.0738 0.6631, 1.5959 0.0738 0.6631, 1.5998 0.0945 0.6631, 1.5959 0.0846 0.6631, 1.5959 0.0945 0.6631, 1.5998 0.0945 0.6697, 1.5959 0.0945 0.6697, 1.5959 0.0738 0.6697, 1.5998 0.0738 0.6697, 1.5959 0.0846 0.6697, 1.5998 0.0738 0.6882, 1.5959 0.0738 0.6882, 1.5959 0.0961 0.6882, 1.5998 0.0961 0.6882, 1.5959 0.0846 0.6882, 1.5998 0.0961 0.6948, 1.5959 0.0961 0.6948, 1.5959 0.0663 0.6948, 1.5998 0.0663 0.6948, 1.5959 0.0846 0.6948, 1.5998 0.0663 0.637, 1.5959 0.0663 0.637, 1.5959 0.0846 0.637, 1.5998 0.1442 0.6532, 1.5998 0.1414 0.6496, 1.5998 0.1467 0.6451, 1.5998 0.1407 0.649, 1.5998 0.1406 0.6408, 1.5998 0.1369 0.6464, 1.5998 0.134 0.6382, 1.5998 0.1321 0.6446, 1.5998 0.1242 0.637, 1.5998 0.1242 0.6436, 1.5998 0.1083 0.637, 1.5998 0.1158 0.6436, 1.5998 0.1083 0.6948, 1.5998 0.1158 0.6882, 1.5998 0.1248 0.6948, 1.5998 0.1245 0.6882, 1.5998 0.1336 0.6939, 1.5998 0.1323 0.6873, 1.5998 0.1406 0.6913, 1.5998 0.1372 0.6854, 1.5998 0.1467 0.6872, 1.5998 0.1412 0.6827, 1.5998 0.1487 0.6852, 1.5998 0.1428 0.6811, 1.5998 0.1523 0.6801, 1.5998 0.1451 0.6779, 1.5998 0.1544 0.6746, 1.5998 0.1467 0.6736, 1.5998 0.1554 0.6667, 1.5998 0.1475 0.6665, 1.5998 0.1552 0.663, 1.5998 0.1473 0.6628, 1.5998 0.1538 0.6562, 1.5998 0.1462 0.6575, 1.5998 0.151 0.6502, 1.5959 0.1242 0.637, 1.5959 0.1083 0.637, 1.5959 0.134 0.6382, 1.5959 0.1406 0.6408, 1.5959 0.1467 0.6451, 1.5959 0.151 0.6502, 1.5959 0.1538 0.6562, 1.5959 0.1552 0.663, 1.5959 0.1554 0.6667, 1.5959 0.1544 0.6746, 1.5959 0.1523 0.6801, 1.5959 0.1487 0.6852, 1.5959 0.1467 0.6872, 1.5959 0.1406 0.6913, 1.5959 0.1336 0.6939, 1.5959 0.1248 0.6948, 1.5959 0.1083 0.6948, 1.5959 0.1245 0.6882, 1.5959 0.1158 0.6882, 1.5959 0.1158 0.6436, 1.5959 0.1242 0.6436, 1.5959 0.1414 0.6496, 1.5959 0.1407 0.649, 1.5959 0.1369 0.6464, 1.5959 0.1321 0.6446, 1.5959 0.1475 0.6665, 1.5959 0.1473 0.6628, 1.5959 0.1462 0.6575, 1.5959 0.1442 0.6532, 1.5959 0.1412 0.6827, 1.5959 0.1428 0.6811, 1.5959 0.1451 0.6779, 1.5959 0.1467 0.6736, 1.5959 0.1323 0.6873, 1.5959 0.1372 0.6854
            ]
        }
        coordIndex [
            0,1,2,-1,3,4,5,-1,3,5,6,-1,6,5,7,-1,6,7,2,-1,2,7,8,-1,2,8,0,-1,9,1,10,-1,10,1,0,-1,10,11,9,-1,9,11,12,-1,13,14,15,-1,15,14,12,-1,15,12,16,-1,16,12,11,-1,13,17,14,-1,14,17,18,-1,17,19,18,-1,18,19,20,-1,18,20,21,-1,21,20,22,-1,21,22,23,-1,23,22,24,-1,23,24,25,-1,25,24,26,-1,25,26,27,-1,27,26,28,-1,27,28,29,-1,29,28,30,-1,29,30,31,-1,31,30,32,-1,31,32,33,-1,33,32,34,-1,33,34,35,-1,35,34,36,-1,35,36,37,-1,37,36,38,-1,37,38,39,-1,39,38,40,-1,39,40,41,-1,41,40,42,-1,41,42,43,-1,43,42,44,-1,43,44,45,-1,45,44,46,-1,45,46,47,-1,47,46,48,-1,47,48,49,-1,49,48,50,-1,49,50,51,-1,51,50,52,-1,51,52,53,-1,53,52,54,-1,53,54,55,-1,55,54,56,-1,55,56,57,-1,57,56,58,-1,57,58,59,-1,59,58,60,-1,59,60,61,-1,61,60,62,-1,61,62,63,-1,63,62,64,-1,63,64,65,-1,65,64,66,-1,65,66,67,-1,67,66,68,-1,67,68,69,-1,69,68,70,-1,69,70,71,-1,71,70,72,-1,71,72,73,-1,73,72,74,-1,73,74,75,-1,76,75,77,-1,77,75,74,-1,76,77,78,-1,76,78,79,-1,79,78,80,-1,79,80,81,-1,81,80,82,-1,81,82,83,-1,83,82,84,-1,83,84,85,-1,85,84,86,-1,85,86,87,-1,86,88,87,-1,87,88,89,-1,88,90,89,-1,89,90,91,-1,89,91,92,-1,92,91,93,-1,92,93,94,-1,94,93,95,-1,94,95,96,-1,96,95,97,-1,96,97,98,-1,98,97,99,-1,98,99,100,-1,100,99,101,-1,100,101,102,-1,103,104,105,-1,102,101,106,-1,102,106,107,-1,107,106,108,-1,107,108,105,-1,105,108,109,-1,105,109,103,-1,104,103,110,-1,104,110,111,-1,111,110,112,-1,111,112,113,-1,113,112,114,-1,113,114,115,-1,115,114,116,-1,115,116,117,-1,117,116,118,-1,117,118,119,-1,119,118,120,-1,119,120,121,-1,121,120,122,-1,121,122,123,-1,123,122,124,-1,123,124,125,-1,125,124,126,-1,125,126,127,-1,127,126,128,-1,127,128,129,-1,129,128,130,-1,129,130,131,-1,131,130,132,-1,131,132,133,-1,133,132,134,-1,133,134,135,-1,135,134,4,-1,135,4,3,-1,61,63,85,-1,85,63,83,-1,111,43,104,-1,104,43,45,-1,21,23,127,-1,127,23,25,-1,127,25,125,-1,125,25,27,-1,125,27,123,-1,123,27,29,-1,123,29,121,-1,121,29,31,-1,121,31,119,-1,119,31,33,-1,119,33,117,-1,117,33,35,-1,117,35,115,-1,115,35,37,-1,115,37,113,-1,113,37,39,-1,113,39,111,-1,111,39,41,-1,111,41,43,-1,14,3,12,-1,12,3,6,-1,12,6,9,-1,9,6,2,-1,9,2,1,-1,63,65,83,-1,83,65,67,-1,83,67,81,-1,81,67,69,-1,81,69,79,-1,79,69,71,-1,79,71,76,-1,76,71,73,-1,76,73,75,-1,127,129,21,-1,21,129,131,-1,21,131,18,-1,18,131,133,-1,18,133,14,-1,14,133,135,-1,14,135,3,-1,85,87,61,-1,61,87,89,-1,61,89,59,-1,59,89,92,-1,59,92,57,-1,57,92,94,-1,57,94,55,-1,55,94,96,-1,55,96,53,-1,53,96,98,-1,53,98,51,-1,51,98,100,-1,51,100,49,-1,49,100,102,-1,49,102,47,-1,47,102,107,-1,47,107,45,-1,45,107,105,-1,45,105,104,-1,136,137,138,-1,138,137,139,-1,140,136,141,-1,141,136,138,-1,140,141,142,-1,140,142,143,-1,143,142,144,-1,143,144,145,-1,146,145,147,-1,147,145,144,-1,148,146,149,-1,149,146,147,-1,148,149,150,-1,150,149,151,-1,150,151,152,-1,153,150,154,-1,154,150,152,-1,155,156,157,-1,157,156,153,-1,157,153,154,-1,158,159,160,-1,160,159,156,-1,160,156,155,-1,159,158,161,-1,159,161,162,-1,162,161,163,-1,162,163,164,-1,164,163,165,-1,164,165,166,-1,166,165,167,-1,166,167,168,-1,168,167,169,-1,168,169,170,-1,170,169,171,-1,170,171,172,-1,172,171,173,-1,172,173,174,-1,175,174,176,-1,176,174,173,-1,175,176,177,-1,175,177,178,-1,178,177,179,-1,178,179,180,-1,180,179,181,-1,180,181,182,-1,182,181,183,-1,182,183,184,-1,183,185,184,-1,184,185,186,-1,184,186,187,-1,187,186,188,-1,187,188,189,-1,189,188,190,-1,189,190,191,-1,191,190,192,-1,191,192,193,-1,139,137,194,-1,194,137,193,-1,194,193,192,-1,143,145,193,-1,137,136,193,-1,193,136,140,-1,193,140,143,-1,150,153,148,-1,148,153,156,-1,148,156,146,-1,174,175,172,-1,172,175,178,-1,172,178,170,-1,170,178,180,-1,170,180,168,-1,168,180,182,-1,168,182,166,-1,166,182,184,-1,166,184,164,-1,191,162,189,-1,189,162,164,-1,189,164,187,-1,187,164,184,-1,145,146,193,-1,193,146,156,-1,193,156,191,-1,191,156,159,-1,191,159,162,-1,195,196,197,-1,197,196,198,-1,195,197,199,-1,199,197,200,-1,199,200,201,-1,202,199,203,-1,203,199,201,-1,202,203,204,-1,204,203,205,-1,204,205,206,-1,207,204,208,-1,208,204,206,-1,209,210,211,-1,211,210,207,-1,211,207,208,-1,212,210,213,-1,213,210,209,-1,214,215,216,-1,216,215,212,-1,216,212,213,-1,217,215,218,-1,218,215,214,-1,219,220,221,-1,221,220,217,-1,221,217,218,-1,222,220,223,-1,223,220,219,-1,198,196,224,-1,224,196,222,-1,224,222,223,-1,222,196,195,-1,195,199,222,-1,222,199,202,-1,222,202,220,-1,215,217,212,-1,212,217,220,-1,212,220,210,-1,210,220,202,-1,210,202,207,-1,207,202,204,-1,225,226,227,-1,227,226,228,-1,227,228,229,-1,229,228,230,-1,229,230,231,-1,231,230,232,-1,231,232,233,-1,233,232,234,-1,233,234,235,-1,235,234,236,-1,235,236,237,-1,237,236,238,-1,237,238,239,-1,239,238,240,-1,239,240,241,-1,241,240,242,-1,241,242,243,-1,243,242,244,-1,243,244,245,-1,245,244,246,-1,245,246,247,-1,247,246,248,-1,247,248,249,-1,249,248,250,-1,249,250,251,-1,251,250,252,-1,251,252,253,-1,253,252,254,-1,253,254,255,-1,255,254,256,-1,255,256,257,-1,257,256,258,-1,257,258,259,-1,259,258,225,-1,259,225,227,-1,233,235,260,-1,260,235,261,-1,233,260,262,-1,233,262,231,-1,231,262,263,-1,231,263,229,-1,229,263,264,-1,229,264,227,-1,227,264,265,-1,227,265,259,-1,259,265,266,-1,259,266,257,-1,257,266,267,-1,257,267,255,-1,255,267,268,-1,255,268,253,-1,253,268,269,-1,253,269,251,-1,251,269,270,-1,251,270,249,-1,249,270,271,-1,249,271,247,-1,247,271,272,-1,247,272,245,-1,245,272,273,-1,245,273,243,-1,243,273,274,-1,243,274,241,-1,241,274,275,-1,241,275,239,-1,237,239,276,-1,276,239,275,-1,235,237,261,-1,261,237,276,-1,240,238,277,-1,277,238,278,-1,238,236,278,-1,278,236,279,-1,236,234,279,-1,279,234,280,-1,226,281,282,-1,226,282,228,-1,228,282,283,-1,228,283,230,-1,230,283,284,-1,230,284,232,-1,232,284,280,-1,232,280,234,-1,254,285,286,-1,254,286,256,-1,256,286,287,-1,256,287,258,-1,258,287,288,-1,258,288,225,-1,225,288,281,-1,225,281,226,-1,246,289,290,-1,246,290,248,-1,248,290,291,-1,248,291,250,-1,250,291,292,-1,250,292,252,-1,252,292,285,-1,252,285,254,-1,240,277,293,-1,240,293,242,-1,242,293,294,-1,242,294,244,-1,244,294,289,-1,244,289,246,-1,
        ]
    }
}
Shape{
    appearance Appearance {
        material  Material 	{
            diffuseColor 0.25098039215686274 0.25098039215686274 0.25098039215686274
            specularColor 0.2196078431372549 0.2196078431372549 0.2196078431372549
            ambientIntensity 0.251
            transparency 0.0
            shininess 0.5
        }
    }
    geometry IndexedFaceSet {
        ccw TRUE
        solid FALSE
        coord DEF co Coordinate {
            point [
                1.5959 0.1158 0.6882, 1.5959 0.1158 0.6436, 1.5959 0.1245 0.6882, 1.5959 0.1242 0.6436, 1.5959 0.1321 0.6446, 1.5959 0.1369 0.6464, 1.5959 0.1407 0.649, 1.5959 0.1414 0.6496, 1.5959 0.1442 0.6532, 1.5959 0.1462 0.6575, 1.5959 0.1475 0.6665, 1.5959 0.1412 0.6827, 1.5959 0.1372 0.6854, 1.5959 0.1467 0.6736, 1.5959 0.1451 0.6779, 1.5959 0.1428 0.6811, 1.5959 0.1473 0.6628, 1.5959 0.1323 0.6873
            ]
        }
        coordIndex [
            0,1,2,-1,2,1,3,-1,3,4,2,-1,2,4,5,-1,2,5,6,-1,6,7,2,-1,2,7,8,-1,2,8,9,-1,10,11,12,-1,13,14,10,-1,10,14,15,-1,10,15,11,-1,9,16,2,-1,2,16,10,-1,2,10,17,-1,17,10,12,-1,
        ]
    }
}
Shape{
    appearance Appearance {
        material  Material 	{
            diffuseColor 1.0 1.0 1.0
            specularColor 0.5019607843137255 0.5019607843137255 0.5019607843137255
            ambientIntensity 1.0
            transparency 0.0
            shininess 0.5
        }
    }
    geometry IndexedFaceSet {
        ccw TRUE
        solid FALSE
        coord DEF co Coordinate {
            point [
                1.5998 0.1747 0.6594, 1.5998 0.1724 0.6528, 1.5998 0.1941 0.6594, 1.5998 0.1964 0.6528, 1.5998 0.1834 0.6834, 1.5998 0.1806 0.6948, 1.5998 0.1586 0.637, 1.5998 0.1668 0.637, 1.5998 0.1839 0.6851, 1.5998 0.1843 0.6874, 1.5998 0.1886 0.6948, 1.5998 0.1845 0.6874, 1.5998 0.185 0.685, 1.5998 0.1854 0.6834, 1.5998 0.2106 0.637, 1.5998 0.2023 0.637, 1.5959 0.1886 0.6948, 1.5959 0.2106 0.637, 1.5959 0.1806 0.6948, 1.5959 0.1586 0.637, 1.5959 0.1668 0.637, 1.5959 0.1724 0.6528, 1.5959 0.1964 0.6528, 1.5959 0.2023 0.637, 1.5959 0.1747 0.6594, 1.5959 0.1941 0.6594, 1.5959 0.1854 0.6834, 1.5959 0.1845 0.6874, 1.5959 0.185 0.685, 1.5959 0.1843 0.6874, 1.5959 0.1834 0.6834, 1.5959 0.1839 0.6851
            ]
        }
        coordIndex [
            0,1,2,-1,2,1,3,-1,4,5,0,-1,0,5,6,-1,0,6,1,-1,1,6,7,-1,4,8,5,-1,5,8,9,-1,5,9,10,-1,10,9,11,-1,10,11,12,-1,12,13,10,-1,10,13,2,-1,10,2,14,-1,14,2,3,-1,14,3,15,-1,10,14,16,-1,16,14,17,-1,5,10,18,-1,18,10,16,-1,6,5,19,-1,19,5,18,-1,7,6,20,-1,20,6,19,-1,1,7,21,-1,21,7,20,-1,3,1,22,-1,22,1,21,-1,15,3,23,-1,23,3,22,-1,14,15,17,-1,17,15,23,-1,0,2,24,-1,24,2,25,-1,2,13,25,-1,25,13,26,-1,11,27,28,-1,11,28,12,-1,12,28,26,-1,12,26,13,-1,11,9,27,-1,27,9,29,-1,4,30,31,-1,4,31,8,-1,8,31,29,-1,8,29,9,-1,4,0,30,-1,30,0,24,-1,
        ]
    }
}
Shape{
    appearance Appearance {
        material  Material 	{
            diffuseColor 0.25098039215686274 0.25098039215686274 0.25098039215686274
            specularColor 0.2196078431372549 0.2196078431372549 0.2196078431372549
            ambientIntensity 0.251
            transparency 0.0
            shininess 0.5
        }
    }
    geometry IndexedFaceSet {
        ccw TRUE
        solid FALSE
        coord DEF co Coordinate {
            point [
                1.5959 0.1845 0.6874, 1.5959 0.1843 0.6874, 1.5959 0.185 0.685, 1.5959 0.1839 0.6851, 1.5959 0.1854 0.6834, 1.5959 0.1834 0.6834, 1.5959 0.1941 0.6594, 1.5959 0.1747 0.6594
            ]
        }
        coordIndex [
            0,1,2,-1,2,1,3,-1,2,3,4,-1,4,3,5,-1,4,5,6,-1,6,5,7,-1,
        ]
    }
}
Shape{
    appearance Appearance {
        material  Material 	{
            diffuseColor 1.0 1.0 1.0
            specularColor 0.5019607843137255 0.5019607843137255 0.5019607843137255
            ambientIntensity 1.0
            transparency 0.0
            shininess 0.5
        }
    }
    geometry IndexedFaceSet {
        ccw TRUE
        solid FALSE
        coord DEF co Coordinate {
            point [
                1.5998 -0.349 0.6288, 1.5998 -0.3428 0.6213, 1.5998 -0.3527 0.6652, 1.5998 -0.3598 0.7366, 1.5998 -0.3507 0.7414, 1.5998 -0.3528 0.7667, 1.5998 -0.3272 0.7679, 1.5998 -0.3145 0.7379, 1.5998 -0.3082 0.7509, 1.5998 -0.3616 0.6707, 1.5998 -0.3583 0.6392, 1.5998 -0.3531 0.6377, 1.5998 -0.3367 0.7687, 1.5998 -0.311 0.666, 1.5998 -0.3072 0.6647, 1.5998 -0.273 0.6549, 1.5998 -0.3039 0.6624, 1.5998 -0.3012 0.6595, 1.5998 -0.2154 0.6853, 1.5998 -0.2282 0.7071, 1.5998 -0.2832 0.6783, 1.5998 -0.3145 0.6664, 1.5998 -0.3185 0.6659, 1.5998 -0.3239 0.6911, 1.5998 -0.3221 0.6645, 1.5998 -0.3329 0.6876, 1.5998 -0.3253 0.6622, 1.5998 -0.3413 0.6818, 1.5998 -0.3269 0.6605, 1.5998 -0.3481 0.674, 1.5998 -0.329 0.6571, 1.5998 -0.3302 0.6532, 1.5998 -0.3304 0.6492, 1.5998 -0.2991 0.6895, 1.5998 -0.3091 0.692, 1.5998 -0.3141 0.6923, 1.5998 -0.2995 0.6561, 1.5998 -0.2985 0.6523, 1.5998 -0.273 0.6508, 1.5998 -0.2985 0.6486, 1.5998 -0.2732 0.6465, 1.5998 -0.2019 0.726, 1.5998 -0.1986 0.726, 1.5998 -0.1817 0.7482, 1.5998 -0.1908 0.725, 1.5998 -0.1797 0.7475, 1.5998 -0.1836 0.7223, 1.5998 -0.1675 0.7414, 1.5998 -0.1564 0.732, 1.5998 -0.3188 0.7777, 1.5998 -0.299 0.7619, 1.5998 -0.3091 0.786, 1.5998 -0.288 0.77, 1.5998 -0.2982 0.7927, 1.5998 -0.3405 0.7439, 1.5998 -0.3362 0.7441, 1.5998 -0.3319 0.7685, 1.5998 -0.3266 0.7429, 1.5998 -0.3174 0.7395, 1.5998 -0.2904 0.6849, 1.5998 -0.1563 0.6553, 1.5998 -0.1754 0.6716, 1.5998 -0.1674 0.6459, 1.5998 -0.1815 0.6667, 1.5998 -0.18 0.6397, 1.5998 -0.1887 0.6633, 1.5998 -0.1937 0.6368, 1.5998 -0.1961 0.6619, 1.5998 -0.2179 0.6368, 1.5998 -0.2146 0.6619, 1.5998 -0.2202 0.6372, 1.5998 -0.3297 0.6454, 1.5998 -0.3281 0.6419, 1.5998 -0.1772 0.7178, 1.5998 -0.1725 0.7125, 1.5998 -0.148 0.7203, 1.5998 -0.1687 0.7055, 1.5998 -0.1429 0.7078, 1.5998 -0.1667 0.6976, 1.5998 -0.1411 0.6944, 1.5998 -0.1665 0.6939, 1.5998 -0.1429 0.6797, 1.5998 -0.1675 0.6859, 1.5998 -0.1481 0.6667, 1.5998 -0.1704 0.6786, 1.5998 -0.1749 0.6722, 1.5998 -0.2039 0.7806, 1.5998 -0.22 0.7618, 1.5998 -0.1902 0.7647, 1.5998 -0.2107 0.7507, 1.5998 -0.2044 0.7375, 1.5998 -0.3761 0.7129, 1.5998 -0.4031 0.7061, 1.5998 -0.3773 0.703, 1.5998 -0.4032 0.7022, 1.5998 -0.3768 0.6966, 1.5998 -0.4012 0.6861, 1.5998 -0.3739 0.6866, 1.5998 -0.3953 0.6708, 1.5998 -0.369 0.6783, 1.5998 -0.386 0.6574, 1.5998 -0.3731 0.6464, 1.5998 -0.2756 0.6364, 1.5998 -0.2995 0.6447, 1.5998 -0.2805 0.6272, 1.5998 -0.3014 0.6411, 1.5998 -0.2868 0.6202, 1.5998 -0.3037 0.6385, 1.5998 -0.2949 0.6145, 1.5998 -0.3068 0.6363, 1.5998 -0.3041 0.6109, 1.5998 -0.3104 0.6349, 1.5998 -0.3141 0.6097, 1.5998 -0.3145 0.6344, 1.5998 -0.3156 0.6097, 1.5998 -0.3152 0.6344, 1.5998 -0.3253 0.6113, 1.5998 -0.3189 0.635, 1.5998 -0.3348 0.6152, 1.5998 -0.3226 0.6366, 1.5998 -0.3257 0.639, 1.5998 -0.2792 0.7997, 1.5998 -0.2745 0.7754, 1.5998 -0.2598 0.802, 1.5998 -0.2594 0.7774, 1.5998 -0.2413 0.7999, 1.5998 -0.2455 0.7756, 1.5998 -0.2208 0.7922, 1.5998 -0.2326 0.7707, 1.5998 -0.221 0.7627, 1.5998 -0.3681 0.7608, 1.5998 -0.3811 0.7516, 1.5998 -0.3669 0.7303, 1.5998 -0.3839 0.749, 1.5998 -0.3726 0.7221, 1.5998 -0.3938 0.7363, 1.5998 -0.4003 0.7216, 1.5998 -0.2167 0.6623, 1.5998 -0.2266 0.6411, 1.5998 -0.2256 0.6402, 1.5998 -0.2154 0.662, 1.5998 -0.2229 0.6383, 1.5998 -0.2298 0.6496, 1.5998 -0.2294 0.6465, 1.5998 -0.2283 0.6437, 1.5998 -0.2203 0.6619, 1.5998 -0.2231 0.6608, 1.5998 -0.2297 0.6512, 1.5998 -0.2256 0.659, 1.5998 -0.2273 0.6571, 1.5998 -0.2289 0.6543, 1.5998 -0.2171 0.6623, 1.5959 -0.1411 0.6944, 1.5959 -0.1429 0.7078, 1.5959 -0.1443 0.7113, 1.5959 -0.148 0.7203, 1.5959 -0.1564 0.732, 1.5959 -0.1675 0.7414, 1.5959 -0.1797 0.7475, 1.5959 -0.1817 0.7482, 1.5959 -0.1902 0.7647, 1.5959 -0.2039 0.7806, 1.5959 -0.2132 0.787, 1.5959 -0.2208 0.7922, 1.5959 -0.2413 0.7999, 1.5959 -0.2598 0.802, 1.5959 -0.3091 0.786, 1.5959 -0.3075 0.787, 1.5959 -0.2982 0.7927, 1.5959 -0.2792 0.7997, 1.5959 -0.3188 0.7777, 1.5959 -0.3272 0.7679, 1.5959 -0.3319 0.7685, 1.5959 -0.3367 0.7687, 1.5959 -0.3528 0.7667, 1.5959 -0.3681 0.7608, 1.5959 -0.3811 0.7516, 1.5959 -0.3839 0.749, 1.5959 -0.4003 0.7216, 1.5959 -0.3938 0.7363, 1.5959 -0.4022 0.7113, 1.5959 -0.4031 0.7061, 1.5959 -0.4032 0.7022, 1.5959 -0.4012 0.6861, 1.5959 -0.3953 0.6708, 1.5959 -0.386 0.6574, 1.5959 -0.3731 0.6464, 1.5959 -0.3583 0.6392, 1.5959 -0.3531 0.6377, 1.5959 -0.3526 0.6365, 1.5959 -0.349 0.6288, 1.5959 -0.3428 0.6213, 1.5959 -0.3348 0.6152, 1.5959 -0.331 0.6137, 1.5959 -0.3253 0.6113, 1.5959 -0.3156 0.6097, 1.5959 -0.3141 0.6097, 1.5959 -0.273 0.6508, 1.5959 -0.3041 0.6109, 1.5959 -0.297 0.6137, 1.5959 -0.2949 0.6145, 1.5959 -0.2868 0.6202, 1.5959 -0.2805 0.6272, 1.5959 -0.2756 0.6364, 1.5959 -0.2756 0.6365, 1.5959 -0.2732 0.6465, 1.5959 -0.273 0.6549, 1.5959 -0.2154 0.6853, 1.5959 -0.2282 0.7071, 1.5959 -0.2832 0.6783, 1.5959 -0.2904 0.6849, 1.5959 -0.2991 0.6895, 1.5959 -0.3091 0.692, 1.5959 -0.3141 0.6923, 1.5959 -0.3239 0.6911, 1.5959 -0.3329 0.6876, 1.5959 -0.3413 0.6818, 1.5959 -0.3481 0.674, 1.5959 -0.3527 0.6652, 1.5959 -0.3616 0.6707, 1.5959 -0.369 0.6783, 1.5959 -0.3739 0.6866, 1.5959 -0.3768 0.6966, 1.5959 -0.3773 0.703, 1.5959 -0.3763 0.7113, 1.5959 -0.3761 0.7129, 1.5959 -0.3726 0.7221, 1.5959 -0.3669 0.7303, 1.5959 -0.3598 0.7366, 1.5959 -0.3507 0.7414, 1.5959 -0.3405 0.7439, 1.5959 -0.3362 0.7441, 1.5959 -0.3266 0.7429, 1.5959 -0.3174 0.7395, 1.5959 -0.3145 0.7379, 1.5959 -0.3082 0.7509, 1.5959 -0.299 0.7619, 1.5959 -0.288 0.77, 1.5959 -0.2745 0.7754, 1.5959 -0.2594 0.7774, 1.5959 -0.2455 0.7756, 1.5959 -0.2326 0.7707, 1.5959 -0.221 0.7627, 1.5959 -0.22 0.7618, 1.5959 -0.2107 0.7507, 1.5959 -0.2044 0.7375, 1.5959 -0.2019 0.726, 1.5959 -0.1986 0.726, 1.5959 -0.1908 0.725, 1.5959 -0.1836 0.7223, 1.5959 -0.1772 0.7178, 1.5959 -0.1725 0.7125, 1.5959 -0.1718 0.7113, 1.5959 -0.1687 0.7055, 1.5959 -0.1667 0.6976, 1.5959 -0.1665 0.6939, 1.5959 -0.1675 0.6859, 1.5959 -0.1704 0.6786, 1.5959 -0.1749 0.6722, 1.5959 -0.1754 0.6716, 1.5959 -0.1815 0.6667, 1.5959 -0.1887 0.6633, 1.5959 -0.1961 0.6619, 1.5959 -0.2146 0.6619, 1.5959 -0.2154 0.662, 1.5959 -0.2167 0.6623, 1.5959 -0.2171 0.6623, 1.5959 -0.2203 0.6619, 1.5959 -0.2231 0.6608, 1.5959 -0.2256 0.659, 1.5959 -0.2273 0.6571, 1.5959 -0.2289 0.6543, 1.5959 -0.2297 0.6512, 1.5959 -0.2298 0.6496, 1.5959 -0.2294 0.6465, 1.5959 -0.2283 0.6437, 1.5959 -0.2266 0.6411, 1.5959 -0.2256 0.6402, 1.5959 -0.2229 0.6383, 1.5959 -0.2202 0.6372, 1.5959 -0.2179 0.6368, 1.5959 -0.1937 0.6368, 1.5959 -0.18 0.6397, 1.5959 -0.1674 0.6459, 1.5959 -0.1563 0.6553, 1.5959 -0.1481 0.6667, 1.5959 -0.1429 0.6797, 1.5959 -0.3145 0.6664, 1.5959 -0.311 0.666, 1.5959 -0.3072 0.6647, 1.5959 -0.3039 0.6624, 1.5959 -0.3012 0.6595, 1.5959 -0.2995 0.6561, 1.5959 -0.2985 0.6523, 1.5959 -0.2985 0.6486, 1.5959 -0.2995 0.6447, 1.5959 -0.3014 0.6411, 1.5959 -0.3037 0.6385, 1.5959 -0.3068 0.6363, 1.5959 -0.3104 0.6349, 1.5959 -0.3145 0.6344, 1.5959 -0.3152 0.6344, 1.5959 -0.3189 0.635, 1.5959 -0.3226 0.6366, 1.5959 -0.3257 0.639, 1.5959 -0.3281 0.6419, 1.5959 -0.3297 0.6454, 1.5959 -0.3304 0.6492, 1.5959 -0.3302 0.6532, 1.5959 -0.329 0.6571, 1.5959 -0.3269 0.6605, 1.5959 -0.3253 0.6622, 1.5959 -0.3221 0.6645, 1.5959 -0.3185 0.6659
            ]
        }
        coordIndex [
            0,1,2,-1,3,4,5,-1,6,7,8,-1,9,10,2,-1,2,10,11,-1,2,11,0,-1,5,4,12,-1,13,14,15,-1,15,14,16,-1,15,16,17,-1,18,19,15,-1,15,19,20,-1,15,20,13,-1,13,20,21,-1,22,23,24,-1,24,23,25,-1,24,25,26,-1,26,25,27,-1,26,27,28,-1,28,27,29,-1,28,29,30,-1,30,29,2,-1,30,2,31,-1,31,2,32,-1,33,34,22,-1,22,34,35,-1,22,35,23,-1,17,36,15,-1,15,36,37,-1,15,37,38,-1,38,37,39,-1,38,39,40,-1,41,42,43,-1,43,42,44,-1,43,44,45,-1,45,44,46,-1,45,46,47,-1,47,46,48,-1,6,8,49,-1,49,8,50,-1,49,50,51,-1,51,50,52,-1,51,52,53,-1,4,54,12,-1,12,54,55,-1,12,55,56,-1,56,55,57,-1,56,57,6,-1,6,57,58,-1,6,58,7,-1,21,20,22,-1,22,20,59,-1,22,59,33,-1,60,61,62,-1,62,61,63,-1,62,63,64,-1,64,63,65,-1,64,65,66,-1,66,65,67,-1,66,67,68,-1,68,67,69,-1,68,69,70,-1,32,2,71,-1,71,2,1,-1,71,1,72,-1,46,73,48,-1,48,73,74,-1,48,74,75,-1,75,74,76,-1,75,76,77,-1,77,76,78,-1,77,78,79,-1,79,78,80,-1,79,80,81,-1,81,80,82,-1,81,82,83,-1,83,82,84,-1,83,84,60,-1,60,84,85,-1,60,85,61,-1,86,87,88,-1,88,87,89,-1,88,89,43,-1,43,89,90,-1,43,90,41,-1,91,92,93,-1,93,92,94,-1,93,94,95,-1,95,94,96,-1,95,96,97,-1,97,96,98,-1,97,98,99,-1,99,98,100,-1,99,100,9,-1,9,100,101,-1,9,101,10,-1,40,39,102,-1,102,39,103,-1,102,103,104,-1,104,103,105,-1,104,105,106,-1,106,105,107,-1,106,107,108,-1,108,107,109,-1,108,109,110,-1,110,109,111,-1,110,111,112,-1,112,111,113,-1,112,113,114,-1,114,113,115,-1,114,115,116,-1,116,115,117,-1,116,117,118,-1,118,117,119,-1,118,119,1,-1,1,119,120,-1,1,120,72,-1,53,52,121,-1,121,52,122,-1,121,122,123,-1,123,122,124,-1,123,124,125,-1,125,124,126,-1,125,126,127,-1,127,126,128,-1,127,128,86,-1,86,128,129,-1,86,129,87,-1,5,130,3,-1,3,130,131,-1,3,131,132,-1,132,131,133,-1,132,133,134,-1,134,133,135,-1,134,135,91,-1,91,135,136,-1,91,136,92,-1,137,138,139,-1,69,140,70,-1,70,140,137,-1,70,137,141,-1,141,137,139,-1,142,143,137,-1,137,143,144,-1,137,144,138,-1,145,146,147,-1,146,148,147,-1,147,148,149,-1,147,149,150,-1,142,137,147,-1,147,137,151,-1,147,151,145,-1,79,152,153,-1,79,153,77,-1,77,153,154,-1,77,154,75,-1,154,155,75,-1,75,155,156,-1,75,156,48,-1,48,156,157,-1,48,157,47,-1,47,157,158,-1,47,158,45,-1,45,158,159,-1,45,159,43,-1,43,159,160,-1,43,160,88,-1,88,160,161,-1,88,161,86,-1,86,161,127,-1,127,161,162,-1,162,163,127,-1,127,163,164,-1,127,164,125,-1,125,164,165,-1,125,165,123,-1,166,51,167,-1,167,51,53,-1,167,53,168,-1,168,53,121,-1,168,121,169,-1,169,121,123,-1,169,123,165,-1,51,166,170,-1,51,170,49,-1,49,170,171,-1,49,171,6,-1,6,171,172,-1,6,172,56,-1,56,172,173,-1,56,173,12,-1,12,173,174,-1,12,174,5,-1,5,174,175,-1,5,175,130,-1,130,175,176,-1,130,176,131,-1,131,176,177,-1,131,177,133,-1,178,135,179,-1,179,135,133,-1,179,133,177,-1,180,92,178,-1,178,92,136,-1,178,136,135,-1,180,181,92,-1,92,181,182,-1,92,182,94,-1,94,182,183,-1,94,183,96,-1,96,183,184,-1,96,184,98,-1,98,184,185,-1,98,185,100,-1,100,185,186,-1,100,186,101,-1,101,186,187,-1,101,187,10,-1,10,187,188,-1,10,188,11,-1,11,188,189,-1,11,189,0,-1,189,190,0,-1,0,190,191,-1,0,191,1,-1,1,191,192,-1,1,192,118,-1,118,192,193,-1,118,193,116,-1,193,194,116,-1,116,194,195,-1,116,195,114,-1,114,195,196,-1,114,196,112,-1,197,38,40,-1,112,196,198,-1,112,198,110,-1,110,198,199,-1,110,199,108,-1,199,200,108,-1,108,200,201,-1,108,201,106,-1,106,201,202,-1,106,202,104,-1,104,202,203,-1,104,203,102,-1,102,203,204,-1,102,204,40,-1,40,204,205,-1,40,205,197,-1,15,38,206,-1,206,38,197,-1,18,15,207,-1,207,15,206,-1,19,18,208,-1,208,18,207,-1,20,19,209,-1,209,19,208,-1,20,209,210,-1,20,210,59,-1,59,210,211,-1,59,211,33,-1,33,211,212,-1,33,212,34,-1,34,212,213,-1,34,213,35,-1,35,213,214,-1,35,214,23,-1,23,214,215,-1,23,215,25,-1,25,215,216,-1,25,216,27,-1,27,216,217,-1,27,217,29,-1,29,217,218,-1,29,218,2,-1,2,218,219,-1,2,219,9,-1,9,219,220,-1,9,220,99,-1,99,220,221,-1,99,221,97,-1,97,221,222,-1,97,222,95,-1,95,222,223,-1,95,223,93,-1,223,224,93,-1,93,224,91,-1,224,225,91,-1,91,225,226,-1,91,226,134,-1,134,226,227,-1,134,227,132,-1,132,227,228,-1,132,228,3,-1,3,228,229,-1,3,229,4,-1,4,229,230,-1,4,230,54,-1,54,230,231,-1,54,231,55,-1,55,231,232,-1,55,232,57,-1,57,232,233,-1,57,233,58,-1,58,233,234,-1,58,234,7,-1,7,234,235,-1,7,235,8,-1,8,235,236,-1,8,236,50,-1,50,236,237,-1,50,237,52,-1,52,237,238,-1,52,238,122,-1,122,238,239,-1,122,239,124,-1,124,239,240,-1,124,240,126,-1,126,240,241,-1,126,241,128,-1,128,241,242,-1,128,242,129,-1,129,242,243,-1,129,243,87,-1,87,243,244,-1,87,244,89,-1,89,244,245,-1,89,245,90,-1,90,245,246,-1,90,246,41,-1,42,41,247,-1,247,41,246,-1,42,247,248,-1,42,248,44,-1,44,248,249,-1,44,249,46,-1,46,249,250,-1,46,250,73,-1,73,250,251,-1,73,251,74,-1,74,251,252,-1,74,252,76,-1,252,253,76,-1,76,253,254,-1,76,254,78,-1,78,254,255,-1,78,255,80,-1,80,255,256,-1,80,256,82,-1,82,256,257,-1,82,257,84,-1,84,257,258,-1,84,258,85,-1,85,258,259,-1,85,259,61,-1,61,259,260,-1,61,260,63,-1,63,260,261,-1,63,261,65,-1,65,261,262,-1,65,262,67,-1,69,67,263,-1,263,67,262,-1,69,263,264,-1,69,264,140,-1,140,264,265,-1,140,265,137,-1,137,265,266,-1,137,266,151,-1,151,266,267,-1,151,267,145,-1,145,267,268,-1,145,268,146,-1,146,268,269,-1,146,269,148,-1,148,269,270,-1,148,270,149,-1,149,270,271,-1,149,271,150,-1,150,271,272,-1,150,272,147,-1,147,272,273,-1,147,273,142,-1,142,273,274,-1,142,274,143,-1,143,274,275,-1,143,275,144,-1,144,275,276,-1,144,276,138,-1,138,276,277,-1,138,277,139,-1,139,277,278,-1,139,278,141,-1,141,278,279,-1,141,279,70,-1,70,279,280,-1,70,280,68,-1,66,68,281,-1,281,68,280,-1,66,281,282,-1,66,282,64,-1,64,282,283,-1,64,283,62,-1,62,283,284,-1,62,284,60,-1,60,284,285,-1,60,285,83,-1,83,285,286,-1,83,286,81,-1,81,286,152,-1,81,152,79,-1,21,287,288,-1,21,288,13,-1,13,288,289,-1,13,289,14,-1,14,289,290,-1,14,290,16,-1,16,290,291,-1,16,291,17,-1,17,291,292,-1,17,292,36,-1,36,292,293,-1,36,293,37,-1,37,293,294,-1,37,294,39,-1,39,294,295,-1,39,295,103,-1,103,295,296,-1,103,296,105,-1,105,296,297,-1,105,297,107,-1,107,297,298,-1,107,298,109,-1,109,298,299,-1,109,299,111,-1,111,299,300,-1,111,300,113,-1,113,300,301,-1,113,301,115,-1,115,301,302,-1,115,302,117,-1,117,302,303,-1,117,303,119,-1,119,303,304,-1,119,304,120,-1,120,304,305,-1,120,305,72,-1,72,305,306,-1,72,306,71,-1,71,306,307,-1,71,307,32,-1,32,307,308,-1,32,308,31,-1,31,308,309,-1,31,309,30,-1,30,309,310,-1,30,310,28,-1,28,310,311,-1,28,311,26,-1,26,311,312,-1,26,312,24,-1,24,312,313,-1,24,313,22,-1,22,313,287,-1,22,287,21,-1,
        ]
    }
}
Shape{
    appearance Appearance {
        material  Material 	{
            diffuseColor 0.25098039215686274 0.25098039215686274 0.25098039215686274
            specularColor 0.2196078431372549 0.2196078431372549 0.2196078431372549
            ambientIntensity 0.251
            transparency 0.0
            shininess 0.5
        }
    }
    geometry IndexedFaceSet {
        ccw TRUE
        solid FALSE
        coord DEF co Coordinate {
            point [
                1.5959 -0.3152 0.6344, 1.5959 -0.3253 0.6622, 1.5959 -0.3269 0.6605, 1.5959 -0.3104 0.6349, 1.5959 -0.3068 0.6363, 1.5959 -0.311 0.666, 1.5959 -0.3145 0.6664, 1.5959 -0.3185 0.6659, 1.5959 -0.3221 0.6645, 1.5959 -0.3297 0.6454, 1.5959 -0.3281 0.6419, 1.5959 -0.3257 0.639, 1.5959 -0.3145 0.6344, 1.5959 -0.329 0.6571, 1.5959 -0.3302 0.6532, 1.5959 -0.3304 0.6492, 1.5959 -0.3226 0.6366, 1.5959 -0.3189 0.635, 1.5959 -0.3037 0.6385, 1.5959 -0.3014 0.6411, 1.5959 -0.2995 0.6447, 1.5959 -0.2985 0.6486, 1.5959 -0.2985 0.6523, 1.5959 -0.2995 0.6561, 1.5959 -0.3012 0.6595, 1.5959 -0.3039 0.6624, 1.5959 -0.3072 0.6647, 1.6732 -0.5219 0.2511, 1.6732 -0.5167 0.24, 1.5959 -0.5167 0.24, 1.529 -0.5124 0.2157, 1.529 -0.5148 0.2341, 1.5959 -0.5124 0.2157, 1.5959 -0.5148 0.2341, 1.529 -0.5219 0.2511, 1.529 -0.5331 0.2658, 1.6732 -0.5331 0.2658, 1.529 -0.5478 0.2771, 1.6732 -0.5478 0.2771, 1.529 -0.5649 0.2842, 1.6732 -0.5649 0.2842, 1.529 -0.5833 0.2866, 1.6732 -0.5833 0.2866, 1.529 -0.5167 0.689, 1.5959 -0.516 0.6137, 1.5959 -0.5162 0.6365, 1.5959 -0.5167 0.689, 1.5959 -0.5165 0.7113, 1.5959 -0.5158 0.787, 1.529 -0.5124 1.1622, 1.5959 -0.513 1.09, 1.5959 -0.5124 1.1622, 1.5959 -0.5167 1.138, 1.6732 -0.5167 1.138, 1.6732 -0.5219 1.1268, 1.5959 -0.5148 1.1439, 1.529 -0.5219 1.1268, 1.529 -0.5148 1.1439, 1.6732 -0.5331 1.1121, 1.529 -0.5331 1.1121, 1.6732 -0.5478 1.1009, 1.529 -0.5478 1.1009, 1.6732 -0.5649 1.0938, 1.529 -0.5649 1.0938, 1.6732 -0.5833 1.0914, 1.529 -0.5833 1.0914, 1.529 -0.9071 0.2866, 1.6732 -0.662 0.2866, 1.529 -0.9071 1.0914, 1.6732 -0.662 1.0914, -1.6693 -0.5167 0.24, -1.6732 -0.5167 0.24, -1.6732 -0.5245 0.2554, -1.6693 -0.5245 0.2554, -1.6732 -0.5358 0.2684, -1.6693 -0.5358 0.2684, -1.6732 -0.55 0.2783, -1.6693 -0.55 0.2783, -1.6732 -0.5661 0.2845, -1.6693 -0.5661 0.2845, -1.6732 -0.5833 0.2866, -1.6693 -0.5833 0.2866, -1.6693 -0.5833 1.0914, -1.6732 -0.5833 1.0914, -1.6732 -0.5661 1.0935, -1.6693 -0.5661 1.0935, -1.6732 -0.55 1.0997, -1.6693 -0.55 1.0997, -1.6732 -0.5358 1.1096, -1.6693 -0.5358 1.1096, -1.6732 -0.5245 1.1226, -1.6693 -0.5245 1.1226, -1.6732 -0.5167 1.138, -1.6693 -0.5167 1.138, -1.6693 -0.6687 1.0914, -1.6732 -0.662 1.0914, -1.6693 -0.6687 0.2866, -1.6732 -0.662 0.2866
            ]
        }
        coordIndex [
            0,1,2,-1,3,4,5,-1,6,7,0,-1,0,7,8,-1,0,8,1,-1,9,10,2,-1,2,10,11,-1,6,0,5,-1,5,0,12,-1,5,12,3,-1,13,14,2,-1,2,14,15,-1,2,15,9,-1,11,16,2,-1,2,16,17,-1,2,17,0,-1,4,18,5,-1,5,18,19,-1,5,19,20,-1,20,21,5,-1,5,21,22,-1,5,22,23,-1,23,24,5,-1,5,24,25,-1,5,25,26,-1,27,28,29,-1,30,31,32,-1,32,31,33,-1,33,31,29,-1,29,31,34,-1,29,34,27,-1,27,34,35,-1,27,35,36,-1,36,35,37,-1,36,37,38,-1,38,37,39,-1,38,39,40,-1,40,39,41,-1,40,41,42,-1,43,30,32,-1,32,44,43,-1,43,44,45,-1,43,45,46,-1,46,47,43,-1,43,47,48,-1,43,48,49,-1,49,48,50,-1,49,50,51,-1,52,53,54,-1,55,52,56,-1,56,57,55,-1,55,57,49,-1,55,49,51,-1,52,54,56,-1,56,54,58,-1,56,58,59,-1,59,58,60,-1,59,60,61,-1,61,60,62,-1,61,62,63,-1,63,62,64,-1,63,64,65,-1,41,66,42,-1,42,66,67,-1,68,65,69,-1,69,65,64,-1,35,34,43,-1,43,34,31,-1,43,31,30,-1,49,57,43,-1,43,57,56,-1,43,56,59,-1,41,39,43,-1,43,39,37,-1,43,37,35,-1,68,66,65,-1,65,66,41,-1,65,41,63,-1,63,41,43,-1,63,43,61,-1,61,43,59,-1,70,71,72,-1,70,72,73,-1,73,72,74,-1,73,74,75,-1,75,74,76,-1,75,76,77,-1,77,76,78,-1,77,78,79,-1,79,78,80,-1,79,80,81,-1,82,83,84,-1,82,84,85,-1,85,84,86,-1,85,86,87,-1,87,86,88,-1,87,88,89,-1,89,88,90,-1,89,90,91,-1,91,90,92,-1,91,92,93,-1,94,95,82,-1,82,95,83,-1,81,80,96,-1,96,80,97,-1,75,93,73,-1,73,93,70,-1,79,87,89,-1,75,77,93,-1,93,77,79,-1,93,79,91,-1,91,79,89,-1,96,94,81,-1,81,94,82,-1,81,82,79,-1,79,82,85,-1,79,85,87,-1,
        ]
    }
}